"LEA_STATE","NMCNTY","total_ct_enr","total_ct_gt_enr","group_enr_ct","group_gt_enr_ct","group_missing_count_lower","group_missing_count_upper","group_missing_perc_lower","group_missing_perc_upper","group","year","region","state_perc_gt","state_nonT1_perc_gt"
"CA","Alameda County",228440,15199,613,11,26,41,0.702702702702703,0.788461538461538,"AIAN",2017,"Pacific",0.0608958070960491,0.084325689438006
"CA","Alpine County",79,0,38,0,2,3,1,1,"AIAN",2017,"Pacific",0.0608958070960491,0.084325689438006
"CA","Amador County",4190,166,120,1,7,9,0.875,0.9,"AIAN",2017,"Pacific",0.0608958070960491,0.084325689438006
"CA","Butte County",31381,622,774,7,40,59,0.851063829787234,0.893939393939394,"AIAN",2017,"Pacific",0.0608958070960491,0.084325689438006
"CA","Calaveras County",5064,0,77,0,5,6,1,1,"AIAN",2017,"Pacific",0.0608958070960491,0.084325689438006
"CA","Colusa County",4847,33,76,0,5,6,1,1,"AIAN",2017,"Pacific",0.0608958070960491,0.084325689438006
"CA","Contra Costa County",178930,6777,551,18,15,28,0.454545454545455,0.608695652173913,"AIAN",2017,"Pacific",0.0608958070960491,0.084325689438006
"CA","Del Norte County",4235,436,592,43,1,7,0.0227272727272727,0.14,"AIAN",2017,"Pacific",0.0608958070960491,0.084325689438006
"CA","El Dorado County",29332,470,258,3,13,18,0.8125,0.857142857142857,"AIAN",2017,"Pacific",0.0608958070960491,0.084325689438006
"CA","Fresno County",207363,4884,1413,66,38,54,0.365384615384615,0.45,"AIAN",2017,"Pacific",0.0608958070960491,0.084325689438006
"CA","Glenn County",5308,26,112,1,6,9,0.857142857142857,0.9,"AIAN",2017,"Pacific",0.0608958070960491,0.084325689438006
"CA","Humboldt County",18248,591,1711,21,84,124,0.8,0.855172413793103,"AIAN",2017,"Pacific",0.0608958070960491,0.084325689438006
"CA","Imperial County",38580,1746,401,1,23,33,0.958333333333333,0.970588235294118,"AIAN",2017,"Pacific",0.0608958070960491,0.084325689438006
"CA","Inyo County",2696,0,469,0,29,40,1,1,"AIAN",2017,"Pacific",0.0608958070960491,0.084325689438006
"CA","Kern County",188462,10660,1016,42,24,44,0.363636363636364,0.511627906976744,"AIAN",2017,"Pacific",0.0608958070960491,0.084325689438006
"CA","Kings County",28930,86,298,0,18,25,1,1,"AIAN",2017,"Pacific",0.0608958070960491,0.084325689438006
"CA","Lake County",9432,40,418,3,24,33,0.888888888888889,0.916666666666667,"AIAN",2017,"Pacific",0.0608958070960491,0.084325689438006
"CA","Lassen County",3784,21,219,1,12,17,0.923076923076923,0.944444444444444,"AIAN",2017,"Pacific",0.0608958070960491,0.084325689438006
"CA","Los Angeles County",1461399,115518,3072,216,50,69,0.18796992481203,0.242105263157895,"AIAN",2017,"Pacific",0.0608958070960491,0.084325689438006
"CA","Lyon County",151,0,3,0,0,0,NA,NA,"AIAN",2017,"Pacific",0.0608958070960491,0.084325689438006
"CA","Madera County",32225,145,355,0,22,30,1,1,"AIAN",2017,"Pacific",0.0608958070960491,0.084325689438006
"CA","Marin County",33674,403,145,1,8,11,0.888888888888889,0.916666666666667,"AIAN",2017,"Pacific",0.0608958070960491,0.084325689438006
"CA","Mariposa County",1885,0,78,0,5,7,1,1,"AIAN",2017,"Pacific",0.0608958070960491,0.084325689438006
"CA","Mendocino County",13204,296,886,4,50,71,0.925925925925926,0.946666666666667,"AIAN",2017,"Pacific",0.0608958070960491,0.084325689438006
"CA","Merced County",58804,2491,353,7,15,23,0.681818181818182,0.766666666666667,"AIAN",2017,"Pacific",0.0608958070960491,0.084325689438006
"CA","Modoc County",1006,0,87,0,5,7,1,1,"AIAN",2017,"Pacific",0.0608958070960491,0.084325689438006
"CA","Mono County",1630,0,34,0,2,3,1,1,"AIAN",2017,"Pacific",0.0608958070960491,0.084325689438006
"CA","Monterey County",80545,822,203,4,8,13,0.666666666666667,0.764705882352941,"AIAN",2017,"Pacific",0.0608958070960491,0.084325689438006
"CA","Napa County",20946,1648,54,3,1,2,0.25,0.4,"AIAN",2017,"Pacific",0.0608958070960491,0.084325689438006
"CA","Nevada County",13584,172,163,0,10,13,1,1,"AIAN",2017,"Pacific",0.0608958070960491,0.084325689438006
"CA","Orange County",491662,49813,1124,81,12,16,0.129032258064516,0.164948453608247,"AIAN",2017,"Pacific",0.0608958070960491,0.084325689438006
"CA","Placer County",66661,4408,466,20,8,19,0.285714285714286,0.487179487179487,"AIAN",2017,"Pacific",0.0608958070960491,0.084325689438006
"CA","Plumas County",2167,0,76,0,5,6,1,1,"AIAN",2017,"Pacific",0.0608958070960491,0.084325689438006
"CA","Riverside County",430747,17647,2017,79,48,91,0.377952755905512,0.535294117647059,"AIAN",2017,"Pacific",0.0608958070960491,0.084325689438006
"CA","Sacramento County",251214,14424,1606,44,54,91,0.551020408163265,0.674074074074074,"AIAN",2017,"Pacific",0.0608958070960491,0.084325689438006
"CA","San Benito County",10899,39,29,0,2,2,1,1,"AIAN",2017,"Pacific",0.0608958070960491,0.084325689438006
"CA","San Bernardino County",406405,29792,1972,97,47,70,0.326388888888889,0.419161676646707,"AIAN",2017,"Pacific",0.0608958070960491,0.084325689438006
"CA","San Diego County",503351,51507,2435,94,79,111,0.456647398843931,0.541463414634146,"AIAN",2017,"Pacific",0.0608958070960491,0.084325689438006
"CA","San Francisco County",57870,4,221,0,13,19,1,1,"AIAN",2017,"Pacific",0.0608958070960491,0.084325689438006
"CA","San Joaquin County",150236,4984,1130,31,50,70,0.617283950617284,0.693069306930693,"AIAN",2017,"Pacific",0.0608958070960491,0.084325689438006
"CA","San Luis Obispo County",34701,1234,176,9,4,6,0.307692307692308,0.4,"AIAN",2017,"Pacific",0.0608958070960491,0.084325689438006
"CA","San Mateo County",94157,3190,162,2,8,12,0.8,0.857142857142857,"AIAN",2017,"Pacific",0.0608958070960491,0.084325689438006
"CA","Santa Barbara County",70716,4762,264,11,5,11,0.3125,0.5,"AIAN",2017,"Pacific",0.0608958070960491,0.084325689438006
"CA","Santa Clara County",272808,4689,903,13,42,64,0.763636363636364,0.831168831168831,"AIAN",2017,"Pacific",0.0608958070960491,0.084325689438006
"CA","Santa Cruz County",38853,1872,136,8,6,8,0.428571428571429,0.5,"AIAN",2017,"Pacific",0.0608958070960491,0.084325689438006
"CA","Shasta County",25897,1921,1102,47,52,72,0.525252525252525,0.605042016806723,"AIAN",2017,"Pacific",0.0608958070960491,0.084325689438006
"CA","Sierra County",410,0,7,0,0,1,NA,1,"AIAN",2017,"Pacific",0.0608958070960491,0.084325689438006
"CA","Siskiyou County",6334,92,535,0,32,46,1,1,"AIAN",2017,"Pacific",0.0608958070960491,0.084325689438006
"CA","Solano County",64850,3511,337,24,5,7,0.172413793103448,0.225806451612903,"AIAN",2017,"Pacific",0.0608958070960491,0.084325689438006
"CA","Sonoma County",68490,2150,604,7,30,44,0.810810810810811,0.862745098039216,"AIAN",2017,"Pacific",0.0608958070960491,0.084325689438006
"CA","Stanislaus County",112510,6359,671,30,17,26,0.361702127659574,0.464285714285714,"AIAN",2017,"Pacific",0.0608958070960491,0.084325689438006
"CA","Sutter County",22560,617,190,5,7,11,0.583333333333333,0.6875,"AIAN",2017,"Pacific",0.0608958070960491,0.084325689438006
"CA","Tehama County",10941,0,273,0,17,23,1,1,"AIAN",2017,"Pacific",0.0608958070960491,0.084325689438006
"CA","Trinity County",1424,25,107,0,6,9,1,1,"AIAN",2017,"Pacific",0.0608958070960491,0.084325689438006
"CA","Tulare County",105179,1402,785,9,39,57,0.8125,0.863636363636364,"AIAN",2017,"Pacific",0.0608958070960491,0.084325689438006
"CA","Tuolumne County",5726,130,173,3,7,12,0.7,0.8,"AIAN",2017,"Pacific",0.0608958070960491,0.084325689438006
"CA","Ventura County",149895,8687,543,23,17,23,0.425,0.5,"AIAN",2017,"Pacific",0.0608958070960491,0.084325689438006
"CA","Yolo County",31347,2573,185,16,4,6,0.2,0.272727272727273,"AIAN",2017,"Pacific",0.0608958070960491,0.084325689438006
"CA","Yuba County",14385,290,313,6,13,20,0.684210526315789,0.769230769230769,"AIAN",2017,"Pacific",0.0608958070960491,0.084325689438006
"CA",NA,19253,7,195,0,12,16,1,1,"AIAN",2017,"Pacific",0.0608958070960491,0.084325689438006
"CA","Alameda County",228440,15199,69689,9015,1083,1499,0.107248960190137,0.142571809016549,"Asian",2017,"Pacific",0.0608958070960491,0.084325689438006
"CA","Alpine County",79,0,0,0,NA,NA,NA,NA,"Asian",2017,"Pacific",0.0608958070960491,0.084325689438006
"CA","Amador County",4190,166,47,1,2,3,0.666666666666667,0.75,"Asian",2017,"Pacific",0.0608958070960491,0.084325689438006
"CA","Butte County",31381,622,1948,61,75,104,0.551470588235294,0.63030303030303,"Asian",2017,"Pacific",0.0608958070960491,0.084325689438006
"CA","Calaveras County",5064,0,65,0,4,5,1,1,"Asian",2017,"Pacific",0.0608958070960491,0.084325689438006
"CA","Colusa County",4847,33,46,0,3,4,1,1,"Asian",2017,"Pacific",0.0608958070960491,0.084325689438006
"CA","Contra Costa County",178930,6777,30178,3038,536,742,0.149972020145495,0.196296296296296,"Asian",2017,"Pacific",0.0608958070960491,0.084325689438006
"CA","Del Norte County",4235,436,216,25,0,1,0,0.0384615384615385,"Asian",2017,"Pacific",0.0608958070960491,0.084325689438006
"CA","El Dorado County",29332,470,1487,63,55,76,0.466101694915254,0.546762589928058,"Asian",2017,"Pacific",0.0608958070960491,0.084325689438006
"CA","Fresno County",207363,4884,19554,664,587,985,0.469224620303757,0.597331716191631,"Asian",2017,"Pacific",0.0608958070960491,0.084325689438006
"CA","Glenn County",5308,26,122,0,7,11,1,1,"Asian",2017,"Pacific",0.0608958070960491,0.084325689438006
"CA","Humboldt County",18248,591,703,24,19,35,0.441860465116279,0.593220338983051,"Asian",2017,"Pacific",0.0608958070960491,0.084325689438006
"CA","Imperial County",38580,1746,209,43,2,2,0.0444444444444444,0.0444444444444444,"Asian",2017,"Pacific",0.0608958070960491,0.084325689438006
"CA","Inyo County",2696,0,40,0,2,3,1,1,"Asian",2017,"Pacific",0.0608958070960491,0.084325689438006
"CA","Kern County",188462,10660,6549,1138,62,86,0.0516666666666667,0.0702614379084967,"Asian",2017,"Pacific",0.0608958070960491,0.084325689438006
"CA","Kings County",28930,86,636,14,29,41,0.674418604651163,0.745454545454545,"Asian",2017,"Pacific",0.0608958070960491,0.084325689438006
"CA","Lake County",9432,40,89,1,5,7,0.833333333333333,0.875,"Asian",2017,"Pacific",0.0608958070960491,0.084325689438006
"CA","Lassen County",3784,21,61,0,3,5,1,1,"Asian",2017,"Pacific",0.0608958070960491,0.084325689438006
"CA","Los Angeles County",1461399,115518,145421,22469,1473,2039,0.0615236822320608,0.0831973233229966,"Asian",2017,"Pacific",0.0608958070960491,0.084325689438006
"CA","Lyon County",151,0,2,0,0,0,NA,NA,"Asian",2017,"Pacific",0.0608958070960491,0.084325689438006
"CA","Madera County",32225,145,485,2,27,39,0.931034482758621,0.951219512195122,"Asian",2017,"Pacific",0.0608958070960491,0.084325689438006
"CA","Marin County",33674,403,1850,51,67,105,0.567796610169492,0.673076923076923,"Asian",2017,"Pacific",0.0608958070960491,0.084325689438006
"CA","Mariposa County",1885,0,25,0,2,2,1,1,"Asian",2017,"Pacific",0.0608958070960491,0.084325689438006
"CA","Mendocino County",13204,296,154,6,4,7,0.4,0.538461538461538,"Asian",2017,"Pacific",0.0608958070960491,0.084325689438006
"CA","Merced County",58804,2491,3603,368,82,113,0.182222222222222,0.234927234927235,"Asian",2017,"Pacific",0.0608958070960491,0.084325689438006
"CA","Modoc County",1006,0,18,0,1,2,1,1,"Asian",2017,"Pacific",0.0608958070960491,0.084325689438006
"CA","Mono County",1630,0,15,0,1,1,1,1,"Asian",2017,"Pacific",0.0608958070960491,0.084325689438006
"CA","Monterey County",80545,822,2093,51,79,125,0.607692307692308,0.710227272727273,"Asian",2017,"Pacific",0.0608958070960491,0.084325689438006
"CA","Napa County",20946,1648,1727,248,3,4,0.0119521912350598,0.0158730158730159,"Asian",2017,"Pacific",0.0608958070960491,0.084325689438006
"CA","Nevada County",13584,172,171,3,10,14,0.769230769230769,0.823529411764706,"Asian",2017,"Pacific",0.0608958070960491,0.084325689438006
"CA","Orange County",491662,49813,90567,17133,907,1256,0.0502771618625277,0.068301702104519,"Asian",2017,"Pacific",0.0608958070960491,0.084325689438006
"CA","Placer County",66661,4408,5814,596,89,123,0.12992700729927,0.171070931849791,"Asian",2017,"Pacific",0.0608958070960491,0.084325689438006
"CA","Plumas County",2167,0,19,0,1,2,1,1,"Asian",2017,"Pacific",0.0608958070960491,0.084325689438006
"CA","Riverside County",430747,17647,19757,1930,383,530,0.165585819282317,0.215447154471545,"Asian",2017,"Pacific",0.0608958070960491,0.084325689438006
"CA","Sacramento County",251214,14424,43394,4530,354,490,0.0724815724815725,0.097609561752988,"Asian",2017,"Pacific",0.0608958070960491,0.084325689438006
"CA","San Benito County",10899,39,211,4,12,17,0.75,0.80952380952381,"Asian",2017,"Pacific",0.0608958070960491,0.084325689438006
"CA","San Bernardino County",406405,29792,19911,3595,263,364,0.0681700362882322,0.091942409699419,"Asian",2017,"Pacific",0.0608958070960491,0.084325689438006
"CA","San Diego County",503351,51507,49376,9890,511,707,0.0491298913566003,0.0667169953760498,"Asian",2017,"Pacific",0.0608958070960491,0.084325689438006
"CA","San Francisco County",57870,4,21439,2,1305,1807,0.998469778117827,0.998894416804865,"Asian",2017,"Pacific",0.0608958070960491,0.084325689438006
"CA","San Joaquin County",150236,4984,21569,1541,612,847,0.284254528564793,0.354690117252931,"Asian",2017,"Pacific",0.0608958070960491,0.084325689438006
"CA","San Luis Obispo County",34701,1234,954,50,32,44,0.390243902439024,0.468085106382979,"Asian",2017,"Pacific",0.0608958070960491,0.084325689438006
"CA","San Mateo County",94157,3190,22214,1105,818,1132,0.425377015080603,0.506034868126956,"Asian",2017,"Pacific",0.0608958070960491,0.084325689438006
"CA","Santa Barbara County",70716,4762,1736,241,22,30,0.0836501901140684,0.11070110701107,"Asian",2017,"Pacific",0.0608958070960491,0.084325689438006
"CA","Santa Clara County",272808,4689,92205,1697,4926,6821,0.743771704665559,0.800774829772247,"Asian",2017,"Pacific",0.0608958070960491,0.084325689438006
"CA","Santa Cruz County",38853,1872,1179,60,51,71,0.459459459459459,0.541984732824427,"Asian",2017,"Pacific",0.0608958070960491,0.084325689438006
"CA","Shasta County",25897,1921,1017,149,42,58,0.219895287958115,0.280193236714976,"Asian",2017,"Pacific",0.0608958070960491,0.084325689438006
"CA","Sierra County",410,0,3,0,0,0,NA,NA,"Asian",2017,"Pacific",0.0608958070960491,0.084325689438006
"CA","Siskiyou County",6334,92,126,3,7,10,0.7,0.769230769230769,"Asian",2017,"Pacific",0.0608958070960491,0.084325689438006
"CA","Solano County",64850,3511,7755,657,196,271,0.229777256740914,0.292025862068966,"Asian",2017,"Pacific",0.0608958070960491,0.084325689438006
"CA","Sonoma County",68490,2150,2594,144,83,114,0.365638766519824,0.441860465116279,"Asian",2017,"Pacific",0.0608958070960491,0.084325689438006
"CA","Stanislaus County",112510,6359,5223,660,113,156,0.146183699870634,0.191176470588235,"Asian",2017,"Pacific",0.0608958070960491,0.084325689438006
"CA","Sutter County",22560,617,3070,133,54,126,0.288770053475936,0.486486486486487,"Asian",2017,"Pacific",0.0608958070960491,0.084325689438006
"CA","Tehama County",10941,0,116,0,7,10,1,1,"Asian",2017,"Pacific",0.0608958070960491,0.084325689438006
"CA","Trinity County",1424,25,56,0,3,5,1,1,"Asian",2017,"Pacific",0.0608958070960491,0.084325689438006
"CA","Tulare County",105179,1402,2913,59,139,192,0.702020202020202,0.764940239043825,"Asian",2017,"Pacific",0.0608958070960491,0.084325689438006
"CA","Tuolumne County",5726,130,94,2,4,6,0.666666666666667,0.75,"Asian",2017,"Pacific",0.0608958070960491,0.084325689438006
"CA","Ventura County",149895,8687,8595,1227,135,187,0.0991189427312775,0.132248939179632,"Asian",2017,"Pacific",0.0608958070960491,0.084325689438006
"CA","Yolo County",31347,2573,3689,319,97,134,0.233173076923077,0.295805739514349,"Asian",2017,"Pacific",0.0608958070960491,0.084325689438006
"CA","Yuba County",14385,290,1089,23,44,68,0.656716417910448,0.747252747252747,"Asian",2017,"Pacific",0.0608958070960491,0.084325689438006
"CA",NA,19253,7,1431,0,88,121,1,1,"Asian",2017,"Pacific",0.0608958070960491,0.084325689438006
"CA","Alameda County",228440,15199,22818,408,981,1516,0.706263498920086,0.787941787941788,"Black",2017,"Pacific",0.0608958070960491,0.084325689438006
"CA","Alpine County",79,0,0,0,NA,NA,NA,NA,"Black",2017,"Pacific",0.0608958070960491,0.084325689438006
"CA","Amador County",4190,166,27,0,2,2,1,1,"Black",2017,"Pacific",0.0608958070960491,0.084325689438006
"CA","Butte County",31381,622,627,11,27,42,0.710526315789474,0.792452830188679,"Black",2017,"Pacific",0.0608958070960491,0.084325689438006
"CA","Calaveras County",5064,0,31,0,2,3,1,1,"Black",2017,"Pacific",0.0608958070960491,0.084325689438006
"CA","Colusa County",4847,33,29,0,2,2,1,1,"Black",2017,"Pacific",0.0608958070960491,0.084325689438006
"CA","Contra Costa County",178930,6777,16031,333,643,1019,0.658811475409836,0.753698224852071,"Black",2017,"Pacific",0.0608958070960491,0.084325689438006
"CA","Del Norte County",4235,436,39,1,1,2,0.5,0.666666666666667,"Black",2017,"Pacific",0.0608958070960491,0.084325689438006
"CA","El Dorado County",29332,470,313,0,19,27,1,1,"Black",2017,"Pacific",0.0608958070960491,0.084325689438006
"CA","Fresno County",207363,4884,10441,136,500,744,0.786163522012579,0.845454545454545,"Black",2017,"Pacific",0.0608958070960491,0.084325689438006
"CA","Glenn County",5308,26,22,0,1,2,1,1,"Black",2017,"Pacific",0.0608958070960491,0.084325689438006
"CA","Humboldt County",18248,591,238,4,11,16,0.733333333333333,0.8,"Black",2017,"Pacific",0.0608958070960491,0.084325689438006
"CA","Imperial County",38580,1746,253,7,8,15,0.533333333333333,0.681818181818182,"Black",2017,"Pacific",0.0608958070960491,0.084325689438006
"CA","Inyo County",2696,0,14,0,1,1,1,1,"Black",2017,"Pacific",0.0608958070960491,0.084325689438006
"CA","Kern County",188462,10660,10275,311,315,555,0.503194888178914,0.640877598152425,"Black",2017,"Pacific",0.0608958070960491,0.084325689438006
"CA","Kings County",28930,86,1114,2,65,92,0.970149253731343,0.978723404255319,"Black",2017,"Pacific",0.0608958070960491,0.084325689438006
"CA","Lake County",9432,40,155,1,9,12,0.9,0.923076923076923,"Black",2017,"Pacific",0.0608958070960491,0.084325689438006
"CA","Lassen County",3784,21,90,0,6,7,1,1,"Black",2017,"Pacific",0.0608958070960491,0.084325689438006
"CA","Los Angeles County",1461399,115518,109235,5074,1578,4138,0.237221888153939,0.449196699956578,"Black",2017,"Pacific",0.0608958070960491,0.084325689438006
"CA","Lyon County",151,0,42,0,3,4,1,1,"Black",2017,"Pacific",0.0608958070960491,0.084325689438006
"CA","Madera County",32225,145,501,1,30,41,0.967741935483871,0.976190476190476,"Black",2017,"Pacific",0.0608958070960491,0.084325689438006
"CA","Marin County",33674,403,626,3,36,50,0.923076923076923,0.943396226415094,"Black",2017,"Pacific",0.0608958070960491,0.084325689438006
"CA","Mariposa County",1885,0,13,0,1,1,1,1,"Black",2017,"Pacific",0.0608958070960491,0.084325689438006
"CA","Mendocino County",13204,296,103,4,3,5,0.428571428571429,0.555555555555556,"Black",2017,"Pacific",0.0608958070960491,0.084325689438006
"CA","Merced County",58804,2491,1611,68,34,68,0.333333333333333,0.5,"Black",2017,"Pacific",0.0608958070960491,0.084325689438006
"CA","Modoc County",1006,0,16,0,1,1,1,1,"Black",2017,"Pacific",0.0608958070960491,0.084325689438006
"CA","Mono County",1630,0,4,0,0,0,NA,NA,"Black",2017,"Pacific",0.0608958070960491,0.084325689438006
"CA","Monterey County",80545,822,958,4,55,77,0.932203389830508,0.950617283950617,"Black",2017,"Pacific",0.0608958070960491,0.084325689438006
"CA","Napa County",20946,1648,404,11,13,23,0.541666666666667,0.676470588235294,"Black",2017,"Pacific",0.0608958070960491,0.084325689438006
"CA","Nevada County",13584,172,229,1,14,19,0.933333333333333,0.95,"Black",2017,"Pacific",0.0608958070960491,0.084325689438006
"CA","Orange County",491662,49813,6814,418,52,157,0.11063829787234,0.27304347826087,"Black",2017,"Pacific",0.0608958070960491,0.084325689438006
"CA","Placer County",66661,4408,1302,28,52,82,0.65,0.745454545454545,"Black",2017,"Pacific",0.0608958070960491,0.084325689438006
"CA","Plumas County",2167,0,31,0,2,3,1,1,"Black",2017,"Pacific",0.0608958070960491,0.084325689438006
"CA","Riverside County",430747,17647,26055,741,846,1456,0.533081285444234,0.662721893491124,"Black",2017,"Pacific",0.0608958070960491,0.084325689438006
"CA","Sacramento County",251214,14424,29237,703,1078,1762,0.605277933745087,0.714807302231237,"Black",2017,"Pacific",0.0608958070960491,0.084325689438006
"CA","San Benito County",10899,39,42,0,2,3,1,1,"Black",2017,"Pacific",0.0608958070960491,0.084325689438006
"CA","San Bernardino County",406405,29792,34334,1423,668,1472,0.319464371114299,0.50846286701209,"Black",2017,"Pacific",0.0608958070960491,0.084325689438006
"CA","San Diego County",503351,51507,22515,1437,309,461,0.176975945017182,0.242887249736565,"Black",2017,"Pacific",0.0608958070960491,0.084325689438006
"CA","San Francisco County",57870,4,5067,0,308,428,1,1,"Black",2017,"Pacific",0.0608958070960491,0.084325689438006
"CA","San Joaquin County",150236,4984,11905,151,574,852,0.791724137931034,0.849451645064806,"Black",2017,"Pacific",0.0608958070960491,0.084325689438006
"CA","San Luis Obispo County",34701,1234,341,7,14,21,0.666666666666667,0.75,"Black",2017,"Pacific",0.0608958070960491,0.084325689438006
"CA","San Mateo County",94157,3190,1388,23,66,94,0.741573033707865,0.803418803418803,"Black",2017,"Pacific",0.0608958070960491,0.084325689438006
"CA","Santa Barbara County",70716,4762,754,35,11,29,0.239130434782609,0.453125,"Black",2017,"Pacific",0.0608958070960491,0.084325689438006
"CA","Santa Clara County",272808,4689,5129,47,266,385,0.849840255591054,0.891203703703704,"Black",2017,"Pacific",0.0608958070960491,0.084325689438006
"CA","Santa Cruz County",38853,1872,356,9,15,21,0.625,0.7,"Black",2017,"Pacific",0.0608958070960491,0.084325689438006
"CA","Shasta County",25897,1921,405,29,18,25,0.382978723404255,0.462962962962963,"Black",2017,"Pacific",0.0608958070960491,0.084325689438006
"CA","Sierra County",410,0,5,0,0,0,NA,NA,"Black",2017,"Pacific",0.0608958070960491,0.084325689438006
"CA","Siskiyou County",6334,92,94,0,5,8,1,1,"Black",2017,"Pacific",0.0608958070960491,0.084325689438006
"CA","Solano County",64850,3511,9273,192,373,590,0.660176991150442,0.754475703324808,"Black",2017,"Pacific",0.0608958070960491,0.084325689438006
"CA","Sonoma County",68490,2150,1043,18,46,70,0.71875,0.795454545454545,"Black",2017,"Pacific",0.0608958070960491,0.084325689438006
"CA","Stanislaus County",112510,6359,3072,96,91,163,0.486631016042781,0.629343629343629,"Black",2017,"Pacific",0.0608958070960491,0.084325689438006
"CA","Sutter County",22560,617,403,2,22,32,0.916666666666667,0.941176470588235,"Black",2017,"Pacific",0.0608958070960491,0.084325689438006
"CA","Tehama County",10941,0,96,0,6,8,1,1,"Black",2017,"Pacific",0.0608958070960491,0.084325689438006
"CA","Trinity County",1424,25,6,0,0,1,NA,1,"Black",2017,"Pacific",0.0608958070960491,0.084325689438006
"CA","Tulare County",105179,1402,1167,16,55,82,0.774647887323944,0.836734693877551,"Black",2017,"Pacific",0.0608958070960491,0.084325689438006
"CA","Tuolumne County",5726,130,54,0,4,4,1,1,"Black",2017,"Pacific",0.0608958070960491,0.084325689438006
"CA","Ventura County",149895,8687,3314,62,140,217,0.693069306930693,0.777777777777778,"Black",2017,"Pacific",0.0608958070960491,0.084325689438006
"CA","Yolo County",31347,2573,944,27,31,53,0.53448275862069,0.6625,"Black",2017,"Pacific",0.0608958070960491,0.084325689438006
"CA","Yuba County",14385,290,505,12,19,30,0.612903225806452,0.714285714285714,"Black",2017,"Pacific",0.0608958070960491,0.084325689438006
"CA",NA,19253,7,1237,0,76,104,1,1,"Black",2017,"Pacific",0.0608958070960491,0.084325689438006
"CA","Alameda County",228440,15199,77643,1656,3072,4891,0.649746192893401,0.747059722010081,"Latinx",2017,"Pacific",0.0608958070960491,0.084325689438006
"CA","Alpine County",79,0,4,0,0,0,NA,NA,"Latinx",2017,"Pacific",0.0608958070960491,0.084325689438006
"CA","Amador County",4190,166,905,30,25,47,0.454545454545455,0.61038961038961,"Latinx",2017,"Pacific",0.0608958070960491,0.084325689438006
"CA","Butte County",31381,622,7445,76,377,551,0.832229580573951,0.878787878787879,"Latinx",2017,"Pacific",0.0608958070960491,0.084325689438006
"CA","Calaveras County",5064,0,1008,0,61,85,1,1,"Latinx",2017,"Pacific",0.0608958070960491,0.084325689438006
"CA","Colusa County",4847,33,3732,11,220,305,0.952380952380952,0.965189873417722,"Latinx",2017,"Pacific",0.0608958070960491,0.084325689438006
"CA","Contra Costa County",178930,6777,64184,1139,2769,4274,0.708546571136131,0.789580639201921,"Latinx",2017,"Pacific",0.0608958070960491,0.084325689438006
"CA","Del Norte County",4235,436,918,73,2,4,0.0266666666666667,0.051948051948052,"Latinx",2017,"Pacific",0.0608958070960491,0.084325689438006
"CA","El Dorado County",29332,470,6211,37,341,487,0.902116402116402,0.929389312977099,"Latinx",2017,"Pacific",0.0608958070960491,0.084325689438006
"CA","Fresno County",207363,4884,135252,1799,6438,9606,0.781595240985796,0.842262165716791,"Latinx",2017,"Pacific",0.0608958070960491,0.084325689438006
"CA","Glenn County",5308,26,3105,12,177,250,0.936507936507936,0.954198473282443,"Latinx",2017,"Pacific",0.0608958070960491,0.084325689438006
"CA","Humboldt County",18248,591,3285,68,132,209,0.66,0.754512635379061,"Latinx",2017,"Pacific",0.0608958070960491,0.084325689438006
"CA","Imperial County",38580,1746,35693,1475,799,1535,0.351363236587511,0.509966777408638,"Latinx",2017,"Pacific",0.0608958070960491,0.084325689438006
"CA","Inyo County",2696,0,946,0,58,80,1,1,"Latinx",2017,"Pacific",0.0608958070960491,0.084325689438006
"CA","Kern County",188462,10660,123558,6076,1965,4343,0.244372590473822,0.416834629043094,"Latinx",2017,"Pacific",0.0608958070960491,0.084325689438006
"CA","Kings County",28930,86,20287,33,1202,1678,0.973279352226721,0.980713033313852,"Latinx",2017,"Pacific",0.0608958070960491,0.084325689438006
"CA","Lake County",9432,40,3429,8,202,281,0.961904761904762,0.972318339100346,"Latinx",2017,"Pacific",0.0608958070960491,0.084325689438006
"CA","Lassen County",3784,21,669,0,41,56,1,1,"Latinx",2017,"Pacific",0.0608958070960491,0.084325689438006
"CA","Los Angeles County",1461399,115518,947571,63297,8385,16608,0.116974972796518,0.20784681809649,"Latinx",2017,"Pacific",0.0608958070960491,0.084325689438006
"CA","Lyon County",151,0,76,0,5,6,1,1,"Latinx",2017,"Pacific",0.0608958070960491,0.084325689438006
"CA","Madera County",32225,145,23932,39,1418,1979,0.973232669869595,0.980673934588702,"Latinx",2017,"Pacific",0.0608958070960491,0.084325689438006
"CA","Marin County",33674,403,10141,42,575,813,0.93192868719611,0.950877192982456,"Latinx",2017,"Pacific",0.0608958070960491,0.084325689438006
"CA","Mariposa County",1885,0,337,0,21,28,1,1,"Latinx",2017,"Pacific",0.0608958070960491,0.084325689438006
"CA","Mendocino County",13204,296,5683,103,243,376,0.702312138728324,0.784968684759917,"Latinx",2017,"Pacific",0.0608958070960491,0.084325689438006
"CA","Merced County",58804,2491,42797,1422,1313,2187,0.480073126142596,0.605985037406484,"Latinx",2017,"Pacific",0.0608958070960491,0.084325689438006
"CA","Modoc County",1006,0,170,0,10,14,1,1,"Latinx",2017,"Pacific",0.0608958070960491,0.084325689438006
"CA","Mono County",1630,0,869,0,53,73,1,1,"Latinx",2017,"Pacific",0.0608958070960491,0.084325689438006
"CA","Monterey County",80545,822,64974,558,3398,4921,0.858948432760364,0.898156597919328,"Latinx",2017,"Pacific",0.0608958070960491,0.084325689438006
"CA","Napa County",20946,1648,11736,616,99,374,0.138461538461538,0.377777777777778,"Latinx",2017,"Pacific",0.0608958070960491,0.084325689438006
"CA","Nevada County",13584,172,2546,16,139,198,0.896774193548387,0.925233644859813,"Latinx",2017,"Pacific",0.0608958070960491,0.084325689438006
"CA","Orange County",491662,49813,243506,15459,1674,5075,0.0977061810541061,0.247151066523814,"Latinx",2017,"Pacific",0.0608958070960491,0.084325689438006
"CA","Placer County",66661,4408,12579,385,381,676,0.497389033942559,0.637134778510839,"Latinx",2017,"Pacific",0.0608958070960491,0.084325689438006
"CA","Plumas County",2167,0,343,0,21,29,1,1,"Latinx",2017,"Pacific",0.0608958070960491,0.084325689438006
"CA","Riverside County",430747,17647,275064,10122,6628,13073,0.395701492537313,0.563612847596465,"Latinx",2017,"Pacific",0.0608958070960491,0.084325689438006
"CA","Sacramento County",251214,14424,78492,3303,1477,3315,0.308995815899582,0.50090661831369,"Latinx",2017,"Pacific",0.0608958070960491,0.084325689438006
"CA","San Benito County",10899,39,8129,19,490,678,0.962671905697446,0.97274031563845,"Latinx",2017,"Pacific",0.0608958070960491,0.084325689438006
"CA","San Bernardino County",406405,29792,265223,17732,3265,4633,0.155498404533981,0.207154035323049,"Latinx",2017,"Pacific",0.0608958070960491,0.084325689438006
"CA","San Diego County",503351,51507,244049,18070,4764,6597,0.20863624419725,0.26744233186038,"Latinx",2017,"Pacific",0.0608958070960491,0.084325689438006
"CA","San Francisco County",57870,4,18260,0,1112,1540,1,1,"Latinx",2017,"Pacific",0.0608958070960491,0.084325689438006
"CA","San Joaquin County",150236,4984,79764,1426,3431,5300,0.706403129503809,0.787986916443651,"Latinx",2017,"Pacific",0.0608958070960491,0.084325689438006
"CA","San Luis Obispo County",34701,1234,14120,234,626,957,0.727906976744186,0.80352644836272,"Latinx",2017,"Pacific",0.0608958070960491,0.084325689438006
"CA","San Mateo County",94157,3190,35736,450,1726,2564,0.793198529411765,0.850696748506968,"Latinx",2017,"Pacific",0.0608958070960491,0.084325689438006
"CA","Santa Barbara County",70716,4762,49144,2407,705,1737,0.226542416452442,0.419160231660232,"Latinx",2017,"Pacific",0.0608958070960491,0.084325689438006
"CA","Santa Clara County",272808,4689,105118,1151,5250,7713,0.820184346195907,0.870148916967509,"Latinx",2017,"Pacific",0.0608958070960491,0.084325689438006
"CA","Santa Cruz County",38853,1872,21196,1080,393,708,0.266802443991853,0.395973154362416,"Latinx",2017,"Pacific",0.0608958070960491,0.084325689438006
"CA","Shasta County",25897,1921,3932,166,181,251,0.521613832853026,0.601918465227818,"Latinx",2017,"Pacific",0.0608958070960491,0.084325689438006
"CA","Sierra County",410,0,59,0,4,5,1,1,"Latinx",2017,"Pacific",0.0608958070960491,0.084325689438006
"CA","Siskiyou County",6334,92,1290,19,66,91,0.776470588235294,0.827272727272727,"Latinx",2017,"Pacific",0.0608958070960491,0.084325689438006
"CA","Solano County",64850,3511,25069,796,731,1318,0.47871643745907,0.623462630085147,"Latinx",2017,"Pacific",0.0608958070960491,0.084325689438006
"CA","Sonoma County",68490,2150,31800,407,1529,2275,0.789772727272727,0.848247576435496,"Latinx",2017,"Pacific",0.0608958070960491,0.084325689438006
"CA","Stanislaus County",112510,6359,67646,2718,1492,2987,0.354394299287411,0.523575810692375,"Latinx",2017,"Pacific",0.0608958070960491,0.084325689438006
"CA","Sutter County",22560,617,8611,176,348,550,0.66412213740458,0.757575757575758,"Latinx",2017,"Pacific",0.0608958070960491,0.084325689438006
"CA","Tehama County",10941,0,4408,0,268,372,1,1,"Latinx",2017,"Pacific",0.0608958070960491,0.084325689438006
"CA","Trinity County",1424,25,133,1,7,11,0.875,0.916666666666667,"Latinx",2017,"Pacific",0.0608958070960491,0.084325689438006
"CA","Tulare County",105179,1402,81767,946,4033,5949,0.810002008435429,0.862799129804206,"Latinx",2017,"Pacific",0.0608958070960491,0.084325689438006
"CA","Tuolumne County",5726,130,987,11,50,72,0.819672131147541,0.867469879518072,"Latinx",2017,"Pacific",0.0608958070960491,0.084325689438006
"CA","Ventura County",149895,8687,84539,2899,2250,4230,0.436978053991066,0.593351101136204,"Latinx",2017,"Pacific",0.0608958070960491,0.084325689438006
"CA","Yolo County",31347,2573,15037,1285,219,303,0.14561170212766,0.19080604534005,"Latinx",2017,"Pacific",0.0608958070960491,0.084325689438006
"CA","Yuba County",14385,290,5346,73,253,378,0.776073619631902,0.838137472283814,"Latinx",2017,"Pacific",0.0608958070960491,0.084325689438006
"CA",NA,19253,7,11218,5,679,941,0.992690058479532,0.994714587737844,"Latinx",2017,"Pacific",0.0608958070960491,0.084325689438006
"CA","Alameda County",228440,15199,2337,171,48,67,0.219178082191781,0.281512605042017,"NHPI",2017,"Pacific",0.0608958070960491,0.084325689438006
"CA","Alpine County",79,0,0,0,NA,NA,NA,NA,"NHPI",2017,"Pacific",0.0608958070960491,0.084325689438006
"CA","Amador County",4190,166,10,1,0,0,0,0,"NHPI",2017,"Pacific",0.0608958070960491,0.084325689438006
"CA","Butte County",31381,622,126,0,8,10,1,1,"NHPI",2017,"Pacific",0.0608958070960491,0.084325689438006
"CA","Calaveras County",5064,0,15,0,1,1,1,1,"NHPI",2017,"Pacific",0.0608958070960491,0.084325689438006
"CA","Colusa County",4847,33,9,0,0,1,NA,1,"NHPI",2017,"Pacific",0.0608958070960491,0.084325689438006
"CA","Contra Costa County",178930,6777,1190,34,38,67,0.527777777777778,0.663366336633663,"NHPI",2017,"Pacific",0.0608958070960491,0.084325689438006
"CA","Del Norte County",4235,436,9,0,0,1,NA,1,"NHPI",2017,"Pacific",0.0608958070960491,0.084325689438006
"CA","El Dorado County",29332,470,69,2,2,3,0.5,0.6,"NHPI",2017,"Pacific",0.0608958070960491,0.084325689438006
"CA","Fresno County",207363,4884,1507,77,19,50,0.197916666666667,0.393700787401575,"NHPI",2017,"Pacific",0.0608958070960491,0.084325689438006
"CA","Glenn County",5308,26,24,0,1,2,1,1,"NHPI",2017,"Pacific",0.0608958070960491,0.084325689438006
"CA","Humboldt County",18248,591,102,6,2,3,0.25,0.333333333333333,"NHPI",2017,"Pacific",0.0608958070960491,0.084325689438006
"CA","Imperial County",38580,1746,26,3,1,1,0.25,0.25,"NHPI",2017,"Pacific",0.0608958070960491,0.084325689438006
"CA","Inyo County",2696,0,8,0,0,1,NA,1,"NHPI",2017,"Pacific",0.0608958070960491,0.084325689438006
"CA","Kern County",188462,10660,590,38,10,14,0.208333333333333,0.269230769230769,"NHPI",2017,"Pacific",0.0608958070960491,0.084325689438006
"CA","Kings County",28930,86,132,0,8,11,1,1,"NHPI",2017,"Pacific",0.0608958070960491,0.084325689438006
"CA","Lake County",9432,40,10,0,1,1,1,1,"NHPI",2017,"Pacific",0.0608958070960491,0.084325689438006
"CA","Lassen County",3784,21,76,0,4,7,1,1,"NHPI",2017,"Pacific",0.0608958070960491,0.084325689438006
"CA","Los Angeles County",1461399,115518,5538,542,35,48,0.0606585788561525,0.0813559322033898,"NHPI",2017,"Pacific",0.0608958070960491,0.084325689438006
"CA","Lyon County",151,0,2,0,0,0,NA,NA,"NHPI",2017,"Pacific",0.0608958070960491,0.084325689438006
"CA","Madera County",32225,145,41,0,2,3,1,1,"NHPI",2017,"Pacific",0.0608958070960491,0.084325689438006
"CA","Marin County",33674,403,158,1,8,12,0.888888888888889,0.923076923076923,"NHPI",2017,"Pacific",0.0608958070960491,0.084325689438006
"CA","Mariposa County",1885,0,0,0,NA,NA,NA,NA,"NHPI",2017,"Pacific",0.0608958070960491,0.084325689438006
"CA","Mendocino County",13204,296,17,0,1,2,1,1,"NHPI",2017,"Pacific",0.0608958070960491,0.084325689438006
"CA","Merced County",58804,2491,192,6,6,10,0.5,0.625,"NHPI",2017,"Pacific",0.0608958070960491,0.084325689438006
"CA","Modoc County",1006,0,2,0,0,0,NA,NA,"NHPI",2017,"Pacific",0.0608958070960491,0.084325689438006
"CA","Mono County",1630,0,4,0,0,0,NA,NA,"NHPI",2017,"Pacific",0.0608958070960491,0.084325689438006
"CA","Monterey County",80545,822,439,1,26,36,0.962962962962963,0.972972972972973,"NHPI",2017,"Pacific",0.0608958070960491,0.084325689438006
"CA","Napa County",20946,1648,54,3,0,1,0,0.25,"NHPI",2017,"Pacific",0.0608958070960491,0.084325689438006
"CA","Nevada County",13584,172,33,0,2,3,1,1,"NHPI",2017,"Pacific",0.0608958070960491,0.084325689438006
"CA","Orange County",491662,49813,1979,147,22,31,0.130177514792899,0.174157303370787,"NHPI",2017,"Pacific",0.0608958070960491,0.084325689438006
"CA","Placer County",66661,4408,290,13,7,11,0.35,0.458333333333333,"NHPI",2017,"Pacific",0.0608958070960491,0.084325689438006
"CA","Plumas County",2167,0,13,0,1,1,1,1,"NHPI",2017,"Pacific",0.0608958070960491,0.084325689438006
"CA","Riverside County",430747,17647,3185,177,31,91,0.149038461538462,0.33955223880597,"NHPI",2017,"Pacific",0.0608958070960491,0.084325689438006
"CA","Sacramento County",251214,14424,3534,133,82,165,0.381395348837209,0.553691275167785,"NHPI",2017,"Pacific",0.0608958070960491,0.084325689438006
"CA","San Benito County",10899,39,13,1,1,1,0.5,0.5,"NHPI",2017,"Pacific",0.0608958070960491,0.084325689438006
"CA","San Bernardino County",406405,29792,1761,139,24,33,0.147239263803681,0.191860465116279,"NHPI",2017,"Pacific",0.0608958070960491,0.084325689438006
"CA","San Diego County",503351,51507,2554,233,32,44,0.120754716981132,0.15884476534296,"NHPI",2017,"Pacific",0.0608958070960491,0.084325689438006
"CA","San Francisco County",57870,4,658,0,40,55,1,1,"NHPI",2017,"Pacific",0.0608958070960491,0.084325689438006
"CA","San Joaquin County",150236,4984,2479,30,122,179,0.802631578947368,0.856459330143541,"NHPI",2017,"Pacific",0.0608958070960491,0.084325689438006
"CA","San Luis Obispo County",34701,1234,77,2,3,5,0.6,0.714285714285714,"NHPI",2017,"Pacific",0.0608958070960491,0.084325689438006
"CA","San Mateo County",94157,3190,1783,16,93,134,0.853211009174312,0.893333333333333,"NHPI",2017,"Pacific",0.0608958070960491,0.084325689438006
"CA","Santa Barbara County",70716,4762,358,60,2,3,0.032258064516129,0.0476190476190476,"NHPI",2017,"Pacific",0.0608958070960491,0.084325689438006
"CA","Santa Clara County",272808,4689,1289,16,62,93,0.794871794871795,0.853211009174312,"NHPI",2017,"Pacific",0.0608958070960491,0.084325689438006
"CA","Santa Cruz County",38853,1872,70,4,3,4,0.428571428571429,0.5,"NHPI",2017,"Pacific",0.0608958070960491,0.084325689438006
"CA","Shasta County",25897,1921,104,3,4,6,0.571428571428571,0.666666666666667,"NHPI",2017,"Pacific",0.0608958070960491,0.084325689438006
"CA","Sierra County",410,0,3,0,0,0,NA,NA,"NHPI",2017,"Pacific",0.0608958070960491,0.084325689438006
"CA","Siskiyou County",6334,92,21,0,1,2,1,1,"NHPI",2017,"Pacific",0.0608958070960491,0.084325689438006
"CA","Solano County",64850,3511,777,47,19,27,0.287878787878788,0.364864864864865,"NHPI",2017,"Pacific",0.0608958070960491,0.084325689438006
"CA","Sonoma County",68490,2150,320,8,12,19,0.6,0.703703703703704,"NHPI",2017,"Pacific",0.0608958070960491,0.084325689438006
"CA","Stanislaus County",112510,6359,1113,55,37,51,0.402173913043478,0.481132075471698,"NHPI",2017,"Pacific",0.0608958070960491,0.084325689438006
"CA","Sutter County",22560,617,75,4,2,3,0.333333333333333,0.428571428571429,"NHPI",2017,"Pacific",0.0608958070960491,0.084325689438006
"CA","Tehama County",10941,0,25,0,2,2,1,1,"NHPI",2017,"Pacific",0.0608958070960491,0.084325689438006
"CA","Trinity County",1424,25,5,0,0,0,NA,NA,"NHPI",2017,"Pacific",0.0608958070960491,0.084325689438006
"CA","Tulare County",105179,1402,218,2,12,17,0.857142857142857,0.894736842105263,"NHPI",2017,"Pacific",0.0608958070960491,0.084325689438006
"CA","Tuolumne County",5726,130,24,2,1,1,0.333333333333333,0.333333333333333,"NHPI",2017,"Pacific",0.0608958070960491,0.084325689438006
"CA","Ventura County",149895,8687,1087,142,14,19,0.0897435897435897,0.118012422360248,"NHPI",2017,"Pacific",0.0608958070960491,0.084325689438006
"CA","Yolo County",31347,2573,214,24,4,5,0.142857142857143,0.172413793103448,"NHPI",2017,"Pacific",0.0608958070960491,0.084325689438006
"CA","Yuba County",14385,290,67,1,3,5,0.75,0.833333333333333,"NHPI",2017,"Pacific",0.0608958070960491,0.084325689438006
"CA",NA,19253,7,87,0,5,7,1,1,"NHPI",2017,"Pacific",0.0608958070960491,0.084325689438006
"CA","Alameda County",228440,15199,13774,780,312,432,0.285714285714286,0.356435643564356,"TMR",2017,"Pacific",0.0608958070960491,0.084325689438006
"CA","Alpine County",79,0,2,0,0,0,NA,NA,"TMR",2017,"Pacific",0.0608958070960491,0.084325689438006
"CA","Amador County",4190,166,271,13,6,10,0.315789473684211,0.434782608695652,"TMR",2017,"Pacific",0.0608958070960491,0.084325689438006
"CA","Butte County",31381,622,2115,32,97,147,0.751937984496124,0.82122905027933,"TMR",2017,"Pacific",0.0608958070960491,0.084325689438006
"CA","Calaveras County",5064,0,281,0,17,24,1,1,"TMR",2017,"Pacific",0.0608958070960491,0.084325689438006
"CA","Colusa County",4847,33,30,0,2,3,1,1,"TMR",2017,"Pacific",0.0608958070960491,0.084325689438006
"CA","Contra Costa County",178930,6777,12376,358,396,685,0.525198938992042,0.656759348034516,"TMR",2017,"Pacific",0.0608958070960491,0.084325689438006
"CA","Del Norte County",4235,436,240,21,1,1,0.0454545454545454,0.0454545454545454,"TMR",2017,"Pacific",0.0608958070960491,0.084325689438006
"CA","El Dorado County",29332,470,1512,25,67,102,0.728260869565217,0.803149606299213,"TMR",2017,"Pacific",0.0608958070960491,0.084325689438006
"CA","Fresno County",207363,4884,4050,138,159,221,0.535353535353535,0.615598885793872,"TMR",2017,"Pacific",0.0608958070960491,0.084325689438006
"CA","Glenn County",5308,26,102,0,6,9,1,1,"TMR",2017,"Pacific",0.0608958070960491,0.084325689438006
"CA","Humboldt County",18248,591,1482,35,55,90,0.611111111111111,0.72,"TMR",2017,"Pacific",0.0608958070960491,0.084325689438006
"CA","Imperial County",38580,1746,213,9,7,9,0.4375,0.5,"TMR",2017,"Pacific",0.0608958070960491,0.084325689438006
"CA","Inyo County",2696,0,174,0,11,15,1,1,"TMR",2017,"Pacific",0.0608958070960491,0.084325689438006
"CA","Kern County",188462,10660,3758,162,108,155,0.4,0.488958990536278,"TMR",2017,"Pacific",0.0608958070960491,0.084325689438006
"CA","Kings County",28930,86,708,6,37,54,0.86046511627907,0.9,"TMR",2017,"Pacific",0.0608958070960491,0.084325689438006
"CA","Lake County",9432,40,559,1,34,46,0.971428571428571,0.978723404255319,"TMR",2017,"Pacific",0.0608958070960491,0.084325689438006
"CA","Lassen County",3784,21,72,0,4,6,1,1,"TMR",2017,"Pacific",0.0608958070960491,0.084325689438006
"CA","Los Angeles County",1461399,115518,41075,3646,574,795,0.136018957345972,0.179013735645125,"TMR",2017,"Pacific",0.0608958070960491,0.084325689438006
"CA","Lyon County",151,0,1,0,0,0,NA,NA,"TMR",2017,"Pacific",0.0608958070960491,0.084325689438006
"CA","Madera County",32225,145,502,1,29,41,0.966666666666667,0.976190476190476,"TMR",2017,"Pacific",0.0608958070960491,0.084325689438006
"CA","Marin County",33674,403,1620,36,63,101,0.636363636363636,0.737226277372263,"TMR",2017,"Pacific",0.0608958070960491,0.084325689438006
"CA","Mariposa County",1885,0,139,0,8,12,1,1,"TMR",2017,"Pacific",0.0608958070960491,0.084325689438006
"CA","Mendocino County",13204,296,580,9,27,40,0.75,0.816326530612245,"TMR",2017,"Pacific",0.0608958070960491,0.084325689438006
"CA","Merced County",58804,2491,1020,63,26,36,0.292134831460674,0.363636363636364,"TMR",2017,"Pacific",0.0608958070960491,0.084325689438006
"CA","Modoc County",1006,0,26,0,2,2,1,1,"TMR",2017,"Pacific",0.0608958070960491,0.084325689438006
"CA","Mono County",1630,0,24,0,1,2,1,1,"TMR",2017,"Pacific",0.0608958070960491,0.084325689438006
"CA","Monterey County",80545,822,1642,14,86,125,0.86,0.899280575539568,"TMR",2017,"Pacific",0.0608958070960491,0.084325689438006
"CA","Napa County",20946,1648,772,91,2,3,0.021505376344086,0.0319148936170213,"TMR",2017,"Pacific",0.0608958070960491,0.084325689438006
"CA","Nevada County",13584,172,626,0,38,53,1,1,"TMR",2017,"Pacific",0.0608958070960491,0.084325689438006
"CA","Orange County",491662,49813,19886,2313,138,192,0.0563035495716034,0.0766467065868263,"TMR",2017,"Pacific",0.0608958070960491,0.084325689438006
"CA","Placer County",66661,4408,4302,297,80,111,0.212201591511936,0.272058823529412,"TMR",2017,"Pacific",0.0608958070960491,0.084325689438006
"CA","Plumas County",2167,0,94,0,6,8,1,1,"TMR",2017,"Pacific",0.0608958070960491,0.084325689438006
"CA","Riverside County",430747,17647,14767,517,456,728,0.468653648509764,0.584738955823293,"TMR",2017,"Pacific",0.0608958070960491,0.084325689438006
"CA","Sacramento County",251214,14424,18259,1160,274,380,0.191073919107392,0.246753246753247,"TMR",2017,"Pacific",0.0608958070960491,0.084325689438006
"CA","San Benito County",10899,39,246,1,15,20,0.9375,0.952380952380952,"TMR",2017,"Pacific",0.0608958070960491,0.084325689438006
"CA","San Bernardino County",406405,29792,12563,738,238,330,0.243852459016393,0.308988764044944,"TMR",2017,"Pacific",0.0608958070960491,0.084325689438006
"CA","San Diego County",503351,51507,31036,4184,497,688,0.106173894466994,0.141215106732348,"TMR",2017,"Pacific",0.0608958070960491,0.084325689438006
"CA","San Francisco County",57870,4,3719,0,227,313,1,1,"TMR",2017,"Pacific",0.0608958070960491,0.084325689438006
"CA","San Joaquin County",150236,4984,6126,178,213,339,0.544757033248082,0.655705996131528,"TMR",2017,"Pacific",0.0608958070960491,0.084325689438006
"CA","San Luis Obispo County",34701,1234,1162,41,30,57,0.422535211267606,0.581632653061224,"TMR",2017,"Pacific",0.0608958070960491,0.084325689438006
"CA","San Mateo County",94157,3190,6933,312,274,379,0.467576791808874,0.548480463096961,"TMR",2017,"Pacific",0.0608958070960491,0.084325689438006
"CA","Santa Barbara County",70716,4762,1900,139,24,34,0.147239263803681,0.196531791907514,"TMR",2017,"Pacific",0.0608958070960491,0.084325689438006
"CA","Santa Clara County",272808,4689,14363,294,693,959,0.702127659574468,0.76536312849162,"TMR",2017,"Pacific",0.0608958070960491,0.084325689438006
"CA","Santa Cruz County",38853,1872,1322,16,65,96,0.802469135802469,0.857142857142857,"TMR",2017,"Pacific",0.0608958070960491,0.084325689438006
"CA","Shasta County",25897,1921,1664,135,77,107,0.363207547169811,0.442148760330579,"TMR",2017,"Pacific",0.0608958070960491,0.084325689438006
"CA","Sierra County",410,0,0,0,NA,NA,NA,NA,"TMR",2017,"Pacific",0.0608958070960491,0.084325689438006
"CA","Siskiyou County",6334,92,467,2,27,38,0.931034482758621,0.95,"TMR",2017,"Pacific",0.0608958070960491,0.084325689438006
"CA","Solano County",64850,3511,5230,384,102,141,0.209876543209877,0.268571428571429,"TMR",2017,"Pacific",0.0608958070960491,0.084325689438006
"CA","Sonoma County",68490,2150,2871,112,105,145,0.483870967741935,0.56420233463035,"TMR",2017,"Pacific",0.0608958070960491,0.084325689438006
"CA","Stanislaus County",112510,6359,4757,390,109,151,0.218436873747495,0.279112754158965,"TMR",2017,"Pacific",0.0608958070960491,0.084325689438006
"CA","Sutter County",22560,617,1279,57,28,51,0.329411764705882,0.472222222222222,"TMR",2017,"Pacific",0.0608958070960491,0.084325689438006
"CA","Tehama County",10941,0,360,0,22,30,1,1,"TMR",2017,"Pacific",0.0608958070960491,0.084325689438006
"CA","Trinity County",1424,25,115,6,6,8,0.5,0.571428571428571,"TMR",2017,"Pacific",0.0608958070960491,0.084325689438006
"CA","Tulare County",105179,1402,1820,35,94,131,0.728682170542636,0.789156626506024,"TMR",2017,"Pacific",0.0608958070960491,0.084325689438006
"CA","Tuolumne County",5726,130,177,0,11,15,1,1,"TMR",2017,"Pacific",0.0608958070960491,0.084325689438006
"CA","Ventura County",149895,8687,5216,437,95,131,0.178571428571429,0.230633802816901,"TMR",2017,"Pacific",0.0608958070960491,0.084325689438006
"CA","Yolo County",31347,2573,638,64,6,8,0.0857142857142857,0.111111111111111,"TMR",2017,"Pacific",0.0608958070960491,0.084325689438006
"CA","Yuba County",14385,290,991,17,44,67,0.721311475409836,0.797619047619048,"TMR",2017,"Pacific",0.0608958070960491,0.084325689438006
"CA",NA,19253,7,743,0,45,62,1,1,"TMR",2017,"Pacific",0.0608958070960491,0.084325689438006
"CA","Alameda County",228440,15199,41566,3158,687,952,0.178673602080624,0.231630170316302,"White",2017,"Pacific",0.0608958070960491,0.084325689438006
"CA","Alpine County",79,0,35,0,2,3,1,1,"White",2017,"Pacific",0.0608958070960491,0.084325689438006
"CA","Amador County",4190,166,2810,120,63,117,0.344262295081967,0.493670886075949,"White",2017,"Pacific",0.0608958070960491,0.084325689438006
"CA","Butte County",31381,622,18346,435,736,1112,0.628522630230572,0.718810601163542,"White",2017,"Pacific",0.0608958070960491,0.084325689438006
"CA","Calaveras County",5064,0,3587,0,218,302,1,1,"White",2017,"Pacific",0.0608958070960491,0.084325689438006
"CA","Colusa County",4847,33,925,22,50,70,0.694444444444444,0.760869565217391,"White",2017,"Pacific",0.0608958070960491,0.084325689438006
"CA","Contra Costa County",178930,6777,54420,1857,1456,2732,0.439480833081799,0.595336674656788,"White",2017,"Pacific",0.0608958070960491,0.084325689438006
"CA","Del Norte County",4235,436,2221,273,8,11,0.0284697508896797,0.0387323943661972,"White",2017,"Pacific",0.0608958070960491,0.084325689438006
"CA","El Dorado County",29332,470,19482,340,846,1303,0.713322091062395,0.793061472915399,"White",2017,"Pacific",0.0608958070960491,0.084325689438006
"CA","Fresno County",207363,4884,35146,2004,728,1008,0.266471449487555,0.334661354581673,"White",2017,"Pacific",0.0608958070960491,0.084325689438006
"CA","Glenn County",5308,26,1821,13,98,140,0.882882882882883,0.915032679738562,"White",2017,"Pacific",0.0608958070960491,0.084325689438006
"CA","Humboldt County",18248,591,10727,433,387,536,0.471951219512195,0.553147574819401,"White",2017,"Pacific",0.0608958070960491,0.084325689438006
"CA","Imperial County",38580,1746,1785,208,27,37,0.114893617021277,0.151020408163265,"White",2017,"Pacific",0.0608958070960491,0.084325689438006
"CA","Inyo County",2696,0,1045,0,64,88,1,1,"White",2017,"Pacific",0.0608958070960491,0.084325689438006
"CA","Kern County",188462,10660,42716,2893,1184,1639,0.290409614912926,0.361650485436893,"White",2017,"Pacific",0.0608958070960491,0.084325689438006
"CA","Kings County",28930,86,5755,31,320,454,0.911680911680912,0.936082474226804,"White",2017,"Pacific",0.0608958070960491,0.084325689438006
"CA","Lake County",9432,40,4772,26,274,380,0.913333333333333,0.935960591133005,"White",2017,"Pacific",0.0608958070960491,0.084325689438006
"CA","Lassen County",3784,21,2597,20,138,199,0.873417721518987,0.908675799086758,"White",2017,"Pacific",0.0608958070960491,0.084325689438006
"CA","Los Angeles County",1461399,115518,209487,20274,2849,3946,0.12321065605674,0.162923203963666,"White",2017,"Pacific",0.0608958070960491,0.084325689438006
"CA","Lyon County",151,0,25,0,2,2,1,1,"White",2017,"Pacific",0.0608958070960491,0.084325689438006
"CA","Madera County",32225,145,6409,102,340,471,0.769230769230769,0.821989528795812,"White",2017,"Pacific",0.0608958070960491,0.084325689438006
"CA","Marin County",33674,403,19134,269,896,1345,0.769098712446352,0.833333333333333,"White",2017,"Pacific",0.0608958070960491,0.084325689438006
"CA","Mariposa County",1885,0,1293,0,79,109,1,1,"White",2017,"Pacific",0.0608958070960491,0.084325689438006
"CA","Mendocino County",13204,296,5781,170,182,318,0.517045454545455,0.651639344262295,"White",2017,"Pacific",0.0608958070960491,0.084325689438006
"CA","Merced County",58804,2491,9228,557,283,393,0.336904761904762,0.413684210526316,"White",2017,"Pacific",0.0608958070960491,0.084325689438006
"CA","Modoc County",1006,0,687,0,42,58,1,1,"White",2017,"Pacific",0.0608958070960491,0.084325689438006
"CA","Mono County",1630,0,680,0,41,57,1,1,"White",2017,"Pacific",0.0608958070960491,0.084325689438006
"CA","Monterey County",80545,822,10236,190,447,673,0.701726844583987,0.779837775202781,"White",2017,"Pacific",0.0608958070960491,0.084325689438006
"CA","Napa County",20946,1648,6199,676,58,80,0.0790190735694823,0.105820105820106,"White",2017,"Pacific",0.0608958070960491,0.084325689438006
"CA","Nevada County",13584,172,9816,152,515,714,0.772113943028486,0.824480369515012,"White",2017,"Pacific",0.0608958070960491,0.084325689438006
"CA","Orange County",491662,49813,127786,14262,941,1303,0.0618956784845096,0.0837134596851911,"White",2017,"Pacific",0.0608958070960491,0.084325689438006
"CA","Placer County",66661,4408,41908,3069,753,1043,0.19701726844584,0.253647859922179,"White",2017,"Pacific",0.0608958070960491,0.084325689438006
"CA","Plumas County",2167,0,1591,0,97,134,1,1,"White",2017,"Pacific",0.0608958070960491,0.084325689438006
"CA","Riverside County",430747,17647,89902,4081,2481,3500,0.378085949405669,0.461680517082179,"White",2017,"Pacific",0.0608958070960491,0.084325689438006
"CA","Sacramento County",251214,14424,76692,4551,2102,2911,0.315947692770179,0.39010989010989,"White",2017,"Pacific",0.0608958070960491,0.084325689438006
"CA","San Benito County",10899,39,2229,14,133,185,0.904761904761905,0.92964824120603,"White",2017,"Pacific",0.0608958070960491,0.084325689438006
"CA","San Bernardino County",406405,29792,70641,6068,1535,2125,0.201893989214784,0.259367752959844,"White",2017,"Pacific",0.0608958070960491,0.084325689438006
"CA","San Diego County",503351,51507,151386,17599,3004,4159,0.145804009124885,0.191148083463554,"White",2017,"Pacific",0.0608958070960491,0.084325689438006
"CA","San Francisco County",57870,4,8506,2,517,716,0.996146435452794,0.997214484679666,"White",2017,"Pacific",0.0608958070960491,0.084325689438006
"CA","San Joaquin County",150236,4984,27263,1627,855,1184,0.344480257856567,0.421202419067947,"White",2017,"Pacific",0.0608958070960491,0.084325689438006
"CA","San Luis Obispo County",34701,1234,17871,891,493,682,0.35621387283237,0.433566433566434,"White",2017,"Pacific",0.0608958070960491,0.084325689438006
"CA","San Mateo County",94157,3190,25941,1282,1066,1476,0.454003407155026,0.535170413343002,"White",2017,"Pacific",0.0608958070960491,0.084325689438006
"CA","Santa Barbara County",70716,4762,16560,1869,236,326,0.112114014251781,0.148519362186788,"White",2017,"Pacific",0.0608958070960491,0.084325689438006
"CA","Santa Clara County",272808,4689,53801,1471,2519,3488,0.631328320802005,0.703367614438395,"White",2017,"Pacific",0.0608958070960491,0.084325689438006
"CA","Santa Cruz County",38853,1872,14594,695,590,817,0.459143968871595,0.540343915343915,"White",2017,"Pacific",0.0608958070960491,0.084325689438006
"CA","Shasta County",25897,1921,17673,1392,783,1084,0.36,0.437802907915994,"White",2017,"Pacific",0.0608958070960491,0.084325689438006
"CA","Sierra County",410,0,333,0,20,28,1,1,"White",2017,"Pacific",0.0608958070960491,0.084325689438006
"CA","Siskiyou County",6334,92,3801,68,205,283,0.750915750915751,0.806267806267806,"White",2017,"Pacific",0.0608958070960491,0.084325689438006
"CA","Solano County",64850,3511,16409,1411,266,368,0.158616577221228,0.206857785272625,"White",2017,"Pacific",0.0608958070960491,0.084325689438006
"CA","Sonoma County",68490,2150,29258,1454,884,1224,0.378100940975192,0.457057505601195,"White",2017,"Pacific",0.0608958070960491,0.084325689438006
"CA","Stanislaus County",112510,6359,30028,2410,758,1049,0.239267676767677,0.303266840127204,"White",2017,"Pacific",0.0608958070960491,0.084325689438006
"CA","Sutter County",22560,617,8932,240,313,513,0.566003616636528,0.681274900398406,"White",2017,"Pacific",0.0608958070960491,0.084325689438006
"CA","Tehama County",10941,0,5663,0,345,478,1,1,"White",2017,"Pacific",0.0608958070960491,0.084325689438006
"CA","Trinity County",1424,25,1002,18,52,73,0.742857142857143,0.802197802197802,"White",2017,"Pacific",0.0608958070960491,0.084325689438006
"CA","Tulare County",105179,1402,16509,335,719,1057,0.682163187855787,0.75933908045977,"White",2017,"Pacific",0.0608958070960491,0.084325689438006
"CA","Tuolumne County",5726,130,4217,112,144,243,0.5625,0.684507042253521,"White",2017,"Pacific",0.0608958070960491,0.084325689438006
"CA","Ventura County",149895,8687,46601,3897,786,1088,0.167841127482383,0.218254764292879,"White",2017,"Pacific",0.0608958070960491,0.084325689438006
"CA","Yolo County",31347,2573,10640,838,311,430,0.270670147954743,0.339116719242902,"White",2017,"Pacific",0.0608958070960491,0.084325689438006
"CA","Yuba County",14385,290,6074,158,212,354,0.572972972972973,0.69140625,"White",2017,"Pacific",0.0608958070960491,0.084325689438006
"CA",NA,19253,7,4342,2,263,364,0.992452830188679,0.994535519125683,"White",2017,"Pacific",0.0608958070960491,0.084325689438006
