"STUSPS","STATEFP","COUNTYFP","COUNTYNS","GEOID","NAME","NAMELSAD","LSAD","CLASSFP","MTFCC","CSAFP","CBSAFP","METDIVFP","FUNCSTAT","ALAND","AWATER","INTPTLAT","INTPTLON","STATE_COUNTY","STATE","COUNTY","Access","Percentage ID with GT","Percentage ID in Non-Title I Schools","Percentage ID in Title I Schools","Equity Ratio between Non-Title I and Title I schools","Equity (RI) by Race Overall Latinx","Equity (RI) by Race Non-Title I Latinx","Equity (RI) by Race Title I Latinx","Equity (RI) by Race Overall AIAN","Equity (RI) by Race Non-Title I AIAN","Equity (RI) By Race Title I AIAN","Equity (RI) by Race Overall Asian","Equity (RI) by Race Non-Title I Asian","Equity (RI) by Race Title I Asian","Equity (RI) by Race Overall NHPI","Equity (RI)  by Race Non-Title I NHPI","Equity (RI) by Race Title I NHPI","Equity (RI) by Race Overall Black","Equity  (RI) by Race Non-Title I Black","Equity (RI) by Race Title I Black","Equity (RI) by Race Overall White","Equity (RI)  by Race Non-Title I White","Equity (RI) by Race Title I White","Equity (RI) by Race Overall TMR","Equity (RI)  by Race Non-Title I TMR","Equity (RI) by Race Title I TMR","Gifted Access Percentage by Race Overall Latinx","Gifted Access Percentage by Race Non-Title I Latinx","Gifted Access Percentage by Race Title I Latinx","Gifted Access Percentage by Race Overall AIAN","Gifted Access Percentage by Race Non-Title I AIAN","Gifted Access Percentage by Race Title I AIAN","Gifted Access Percentage by Race Overall Asian","Gifted Access Percentage by Race Non-Title I Asian","Gifted Access Percentage by Race Title I Asian","Gifted Access Percentage by Race Overall NHPI","Gifted Access Percentage by Race Non-Title I NHPI","Gifted Access Percentage by Race Title I NHPI","Gifted Access Percentage by Race Overall Black","Gifted Access Percentage by Race Non-Title I Black","Gifted Access Percentage by Race Title I Black","Gifted Access Percentage by Race Overall White","Gifted Access Percentage by Race Non-Title I White","Gifted Access Percentage by Race Title I White","Gifted Access Percentage by Race Overall TMR","Gifted Access Percentage by Race Non-Title I TMR","Gifted Access Percentage by Race Title I TMR","LEA_STATE","NMCNTY","Count Missing Lower Bound Overall","Count Missing Upper Bound Overall","Percent Missing Lower Bound Overall","Percent Missing Upper Bound Overall","Count Missing Lower Bound AIAN","Count Missing Upper Bound AIAN","Percent Missing Lower Bound AIAN","Percent Missing Upper Bound AIAN","Count Missing Lower Bound Asian","Count Missing Upper Bound Asian","Percent Missing Lower Bound Asian","Percent Missing Upper Bound Asian","Count Missing Lower Bound Black","Count Missing Upper Bound Black","Percent Missing Lower Bound Black","Percent Missing Upper Bound Black","Count Missing Lower Bound Latinx","Count Missing Upper Bound Latinx","Percent Missing Lower Bound Latinx","Percent Missing Upper Bound Latinx","Count Missing Lower Bound NHPI","Count Missing Upper Bound NHPI","Percent Missing Lower Bound NHPI","Percent Missing Upper Bound NHPI","Count Missing Lower Bound TMR","Count Missing Upper Bound TMR","Percent Missing Lower Bound TMR","Percent Missing Upper Bound TMR","Count Missing Lower Bound White","Count Missing Upper Bound White","Percent Missing Lower Bound White","Percent Missing Upper Bound White","REGION"
CA,06,013,01675903,06013,Contra Costa,Contra Costa County,06,H1,G4020,488,41860,36084,A,1857229826,225285866,+37.9194790,-121.9515431,CA_Contra Costa County,CA,Contra Costa County,56.0129659643436,6.76185344827586,4.87591895495793,2.80824317580982,0.57594131521697,0.54243304291707,0.605319605319605,0.537183746486072,0.771428571428571,0.575757575757576,1.02702702702703,0.54243304291707,0.605319605319605,0.537183746486072,0.819672131147541,0.82,0.864864864864865,0.47809152872444,0.562741312741313,0.341846758349705,0.897771952817824,0.837692100296576,0.919745222929936,0.890387858347386,0.825701624815362,0.952380952380952,3.66756826378156,4.84823284823285,2.92154905154748,5.15759312320917,4.76190476190476,5.52486187845304,3.66756826378156,4.84823284823285,2.92154905154748,5.53745928338762,6.640625,4.74860335195531,3.23520839405421,4.51057458356728,1.85858585858586,6.07160372731731,6.71161988395797,5.00261917234154,6.0228802153432,6.6170151818963,5.17733387688545,CA,Contra Costa County,4793,8311,0.414261019878997,0.550835100742312,15,28,0.454545454545455,0.608695652173913,536,742,0.149972020145495,0.196296296296296,643,1019,0.658811475409836,0.753698224852071,2769,4274,0.708546571136131,0.789580639201921,38,67,0.527777777777778,0.663366336633663,396,685,0.525198938992042,0.656759348034516,1456,2732,0.439480833081799,0.595336674656788,Pacific
CA,06,019,00277274,06019,Fresno,Fresno County,06,H1,G4020,260,23420,NA,A,15432139300,136609898,+36.7610058,-119.6550193,CA_Fresno County,CA,Fresno County,40.6340571847437,5.79634464751958,4.5669229868457,2.0435337617748,0.44746402942657,0.700323255371744,0.495121183506453,0.711503845524464,1.43617021276596,0.759493670886076,1.59,0.700323255371744,0.495121183506453,0.711503845524464,1.10489510489511,1.26174496644295,1.12658227848101,0.684729064039409,0.590778097982709,0.702325581395349,1.49037413730476,1.14639491562568,1.86282306163022,1.66470588235294,1.08292682926829,1.93589743589744,4.05966511711874,2.36747297992795,4.41957199934322,8.36501901140684,3.60824742268041,9.91596638655462,4.05966511711874,2.36747297992795,4.41957199934322,6.41132389675271,6.03566529492455,6.99152542372881,3.9766081871345,2.82352941176471,4.3579766536965,8.64016556005864,5.48239720505241,11.5701105477516,9.6301465457083,5.1792828685259,12.0300751879699,CA,Fresno County,7743,12602,0.613209788548349,0.720690838384994,38,54,0.365384615384615,0.45,587,985,0.469224620303757,0.597331716191631,500,744,0.786163522012579,0.845454545454545,6438,9606,0.781595240985796,0.842262165716791,19,50,0.197916666666667,0.393700787401575,159,221,0.535353535353535,0.615598885793872,728,1008,0.266471449487555,0.334661354581673,Pacific
CA,06,111,00277320,06111,Ventura,Ventura County,06,H1,G4020,348,37100,NA,A,4771987962,947345370,+34.3587415,-119.1331432,CA_Ventura County,CA,Ventura County,75.3814336702358,7.68808687263813,10.1407284768212,3.87725860891808,0.38234517547535,0.564540686855016,0.480040254948004,0.745758147050902,1.08333333333333,1.07142857142857,1.04761904761905,0.564540686855016,0.480040254948004,0.745758147050902,2.14473684210526,1.46969696969697,2.97530864197531,0.601694915254237,0.392,0.850877192982456,1.50435949027498,1.12757902706795,1.55493586168433,1.55246913580247,1.12641509433962,1.80733944954128,4.34014522045063,5.80392156862745,4.03651482284888,8.61423220973783,12.8440366972477,5.69620253164557,4.34014522045063,5.80392156862745,4.03651482284888,16.4542294322132,17.578125,15.9802306425041,4.66165413533835,4.78170478170478,4.59363957597173,11.5662006945063,13.6345756711574,8.41632347435417,11.9268558951965,13.6274509803922,9.79064039408867,CA,Ventura County,2247,3953,0.20550576184379,0.312737341772152,17,23,0.425,0.5,135,187,0.0991189427312775,0.132248939179632,140,217,0.693069306930693,0.777777777777778,2250,4230,0.436978053991066,0.593351101136204,14,19,0.0897435897435897,0.118012422360248,95,131,0.178571428571429,0.230633802816901,786,1088,0.167841127482383,0.218254764292879,Pacific
CA,06,075,00277302,06075,San Francisco,San Francisco County,06,H6,G4020,488,41860,41884,C,121477743,479114582,+37.7272391,-123.0322294,CA_San Francisco County,CA,San Francisco County,0.127872818386038,5.40540540540541,0.0191644308164048,0,0,0,0,NA,NaN,NaN,NA,0,0,NA,0,0,NA,0,0,NA,2.84575981787137,2.84575981787137,NA,0,0,NA,0,0,NA,NaN,NaN,NA,0,0,NA,0,0,NA,0,0,NA,15.3846153846154,15.3846153846154,NA,0,0,NA,CA,San Francisco County,3521,4876,0.99886524822695,0.999180327868852,13,19,1,1,1305,1807,0.998469778117827,0.998894416804865,308,428,1,1,1112,1540,1,1,40,55,1,1,227,313,1,1,517,716,0.996146435452794,0.997214484679666,Pacific
CA,06,049,00277289,06049,Modoc,Modoc County,06,H1,G4020,NA,NA,NA,A,10225096402,661284408,+41.5929185,-120.7183704,CA_Modoc County,CA,Modoc County,NA,NA,NA,NA,NA,NA,NA,NA,NA,NA,NA,NA,NA,NA,NA,NA,NA,NA,NA,NA,NA,NA,NA,NA,NA,NA,NA,NA,NA,NA,NA,NA,NA,NA,NA,NA,NA,NA,NA,NA,NA,NA,NA,NA,NA,NA,NA,CA,Modoc County,61,85,1,1,5,7,1,1,1,2,1,1,1,1,1,1,10,14,1,1,0,0,NA,NA,2,2,1,1,42,58,1,1,Pacific
CA,06,073,00277301,06073,San Diego,San Diego County,06,H1,G4020,NA,41740,NA,A,10904373558,817404622,+33.0236041,-116.7761174,CA_San Diego County,CA,San Diego County,70.0016489487455,14.6179694284725,14.0159531173694,8.84425795412881,0.631013665647077,0.745431364215895,0.826788990825688,0.76195613088817,0.5625,0.545454545454545,0.594594594594595,0.745431364215895,0.826788990825688,0.76195613088817,0.775862068965517,0.710526315789474,0.848484848484849,0.563636363636364,0.526119402985075,0.60539629005059,1.17949603037625,0.936635944700461,1.33802816901408,1.25115562403698,1.09622411693057,1.32521739130435,10.8973585815945,14.726381892209,10.0863795144624,8.25285338015803,9.28270042194093,7.98226164079823,10.8973585815945,14.726381892209,10.0863795144624,11.4834894036471,12.4694376528117,11.2345679012346,8.24156916724019,9.39362075008763,8.01618322704519,17.2432713128166,16.6807478174216,17.7077743193446,18.2859140771819,19.5077275329136,17.5314576558745,CA,San Diego County,9195,12733,0.151477710783829,0.198209838107098,79,111,0.456647398843931,0.541463414634146,511,707,0.0491298913566003,0.0667169953760498,309,461,0.176975945017182,0.242887249736565,4764,6597,0.20863624419725,0.26744233186038,32,44,0.120754716981132,0.15884476534296,497,688,0.106173894466994,0.141215106732348,3004,4159,0.145804009124885,0.191148083463554,Pacific
CA,06,099,00277314,06099,Stanislaus,Stanislaus County,06,H1,G4020,488,33700,NA,A,3874667416,46351766,+37.5623162,-121.0028311,CA_Stanislaus County,CA,Stanislaus County,62.0184872455782,9.1133181420812,10.7264957264957,4.78726724227608,0.446303001869563,0.691362018764154,0.714320805698845,0.730763370409874,0.824561403508772,0.618181818181818,0.829787234042553,0.691362018764154,0.714320805698845,0.730763370409874,1.17808219178082,1.54320987654321,1,0.585271317829457,0.669683257918552,0.573584905660377,1.50337167790559,1.05796761323633,1.59383499546691,1.44235294117647,1.40344168260038,1.39312039312039,6.30085541414563,11.7633517495396,5.68917072667749,7.55667506297229,10.2564102564103,6.42857142857143,6.30085541414563,11.7633517495396,5.68917072667749,10.7632093933464,25.5813953488372,7.76470588235294,5.32445923460898,11.0169491525424,4.46713465220166,13.7025244484876,17.4180778535298,12.4070240012269,13.1490222521915,23.1182795698925,10.8388704318937,CA,Stanislaus County,2602,3603,0.290369378417587,0.361674362577796,17,26,0.361702127659574,0.464285714285714,113,156,0.146183699870634,0.191176470588235,91,163,0.486631016042781,0.629343629343629,1492,2987,0.354394299287411,0.523575810692375,37,51,0.402173913043478,0.481132075471698,109,151,0.218436873747495,0.279112754158965,758,1049,0.239267676767677,0.303266840127204,Pacific
CA,06,101,00277315,06101,Sutter,Sutter County,06,H1,G4020,472,49700,NA,A,1560546528,15240591,+39.0361898,-121.7039397,CA_Sutter County,CA,Sutter County,59.7872340425532,4.57443653618031,0,2.77565342570516,Inf,0.647232304900181,NA,0.647232304900181,1.52830188679245,NA,1.52830188679245,0.647232304900181,NA,0.647232304900181,2.40740740740741,NA,2.40740740740741,0.197530864197531,NA,0.197530864197531,1.38384916399858,NA,1.38384916399858,1.52980132450331,NA,1.52980132450331,2.96047098402018,NA,2.96047098402018,6.94444444444444,NA,6.94444444444444,2.96047098402018,NA,2.96047098402018,11.1111111111111,NA,11.1111111111111,0.91324200913242,NA,0.91324200913242,6.32911392405063,NA,6.32911392405063,6.99386503067485,NA,6.99386503067485,CA,Sutter County,756,1285,0.550619082301529,0.675604626708728,7,11,0.583333333333333,0.6875,54,126,0.288770053475936,0.486486486486487,22,32,0.916666666666667,0.941176470588235,348,550,0.66412213740458,0.757575757575758,2,3,0.333333333333333,0.428571428571429,28,51,0.329411764705882,0.472222222222222,313,513,0.566003616636528,0.681274900398406,Pacific
CA,06,005,01675841,06005,Amador,Amador County,06,H1,G4020,NA,NA,NA,A,1539933596,29470567,+38.4435501,-120.6538563,CA_Amador County,CA,Amador County,62.1241050119332,6.37725701114099,8.58585858585859,2.13191205862758,0.248305051534271,0.889271653543307,0.864501160092807,0.891135303265941,0.202702702702703,0,0.425068119891008,0.889271653543307,0.864501160092807,0.891135303265941,2.22222222222222,2.33333333333333,0,0,0,0,1.0624632569077,1.06155443488579,1.07133479212254,1.17744360902256,1.27826086956522,0.972006220839813,5.6710775047259,7.421875,4.02930402930403,1.2987012987013,0,1.92307692307692,5.6710775047259,7.421875,4.02930402930403,14.2857142857143,20,0,0,0,0,6.77583286278938,9.11360799001248,4.84536082474227,7.51445086705202,10.9756097560976,4.3956043956044,CA,Amador County,97,187,0.368821292775665,0.529745042492918,7,9,0.875,0.9,2,3,0.666666666666667,0.75,2,2,1,1,25,47,0.454545454545455,0.61038961038961,0,0,0,0,6,10,0.315789473684211,0.434782608695652,63,117,0.344262295081967,0.493670886075949,Pacific
CA,06,107,00277318,06107,Tulare,Tulare County,06,H1,G4020,NA,47300,NA,A,12494889125,37207487,+36.2288339,-118.7810551,CA_Tulare County,CA,Tulare County,29.6275872560112,4.49906937937231,0.711743772241993,1.36252265891118,1.9143443357702,0.846993849629723,0.818991924255082,0.843804537521815,0.984615384615385,1.75,1.01754385964912,0.846993849629723,0.818991924255082,0.843804537521815,1,0,1.07142857142857,0.74025974025974,13.78125,0.59375,1.58211920529801,1.05091558731577,1.63698630136986,2.8735632183908,0,2.90909090909091,3.81021427420654,1.37646249139711,3.96149732620321,4.47761194029851,2.94117647058824,4.79041916167665,3.81021427420654,1.37646249139711,3.96149732620321,4.65116279069767,0,4.8780487804878,3.34029227557411,23.0769230769231,2.78969957081545,7.11857203569911,1.76600441501104,7.68869033623325,12.8676470588235,0,13.7254901960784,CA,Tulare County,5003,7468,0.781108508977361,0.841939120631342,39,57,0.8125,0.863636363636364,139,192,0.702020202020202,0.764940239043825,55,82,0.774647887323944,0.836734693877551,4033,5949,0.810002008435429,0.862799129804206,12,17,0.857142857142857,0.894736842105263,94,131,0.728682170542636,0.789156626506024,719,1057,0.682163187855787,0.75933908045977,Pacific
CA,06,097,01657246,06097,Sonoma,Sonoma County,06,H1,G4020,488,42220,NA,A,4080764059,498182342,+38.5251824,-122.9261095,CA_Sonoma County,CA,Sonoma County,45.9322528836326,6.8342922534092,5.67217507815989,2.08320403814725,0.36726723160722,0.441670555296314,0.411038738429894,0.505849056603774,0.434210526315789,0.53030303030303,0.357142857142857,0.441670555296314,0.411038738429894,0.505849056603774,0.787234042553192,1.06122448979592,0.444444444444444,0.579310344827586,0.608695652173913,0.592814371257485,1.44292724557286,1.21996726677578,1.64547206165703,1.42349726775956,1.3,1.56353591160221,3.018392168496,3.5101204201896,2.81807744494312,2.91666666666667,4.54545454545455,1.97368421052632,3.018392168496,3.5101204201896,2.81807744494312,5.4421768707483,9.23076923076923,2.4390243902439,3.95604395604396,5.19480519480519,3.32225913621263,9.86096982027806,10.4194692429987,9.16565164433618,9.73913043478261,11.1111111111111,8.70229007633588,CA,Sonoma County,2255,3626,0.511918274687855,0.627770083102493,30,44,0.810810810810811,0.862745098039216,83,114,0.365638766519824,0.441860465116279,46,70,0.71875,0.795454545454545,1529,2275,0.789772727272727,0.848247576435496,12,19,0.6,0.703703703703704,105,145,0.483870967741935,0.56420233463035,884,1224,0.378100940975192,0.457057505601195,Pacific
CA,06,055,00277292,06055,Napa,Napa County,06,H1,G4020,488,34900,NA,A,1937986794,104295181,+38.5070999,-122.3259045,CA_Napa County,CA,Napa County,89.10054425666,8.83030595295505,9.97503269527999,6.45392899880335,0.647008305231645,0.662648466583939,0.601413944417357,0.753726893261777,0.782608695652174,0,1.94736842105263,0.662648466583939,0.601413944417357,0.753726893261777,0.692307692307692,0.631578947368421,0.666666666666667,0.326829268292683,0.361878453038674,0,1.45926716471007,1.30198634388579,1.5855106888361,1.4010152284264,1.30377358490566,1.36,5.85161964472309,6.59866114121772,5.53450608930988,6.97674418604651,0,14.2857142857143,5.85161964472309,6.59866114121772,5.53450608930988,6.12244897959184,6.89655172413793,5,2.87206266318538,3.97111913357401,0,12.883552506194,14.2857142857143,11.6421128278836,12.3641304347826,14.320987654321,9.96978851963746,CA,Napa County,139,193,0.0777839955232233,0.10483432916893,1,2,0.25,0.4,3,4,0.0119521912350598,0.0158730158730159,13,23,0.541666666666667,0.676470588235294,99,374,0.138461538461538,0.377777777777778,0,1,0,0.25,2,3,0.021505376344086,0.0319148936170213,58,80,0.0790190735694823,0.105820105820106,Pacific
CA,06,015,01682074,06015,Del Norte,Del Norte County,06,H1,G4020,NA,18860,NA,A,2606117982,578742642,+41.7639580,-124.0036140,CA_Del Norte County,CA,Del Norte County,94.9468713105077,10.8430738622233,6.8870523415978,10.6146694214876,1.54125,0.757123473541384,0.907543959160522,0.744567627494457,0.697806086341118,0.74487895716946,0.690179806362379,0.757123473541384,0.907543959160522,0.744567627494457,0,NaN,0,0.255555555555556,NaN,0.244897959183673,1.20519730510106,0.959539421077883,1.23320235756385,0.860714285714286,1.45278450363196,0.821763602251407,8.21147356580427,6.25,8.36363636363636,7.57042253521127,5.12820512820513,7.75047258979206,8.21147356580427,6.25,8.36363636363636,0,NaN,0,2.77777777777778,NaN,2.77777777777778,13.0684538056486,6.6079295154185,13.8560687432868,9.33333333333333,10,9.23076923076923,CA,Del Norte County,13,18,0.0289532293986637,0.039647577092511,1,7,0.0227272727272727,0.14,0,1,0,0.0384615384615385,1,2,0.5,0.666666666666667,2,4,0.0266666666666667,0.051948051948052,0,1,NA,1,1,1,0.0454545454545454,0.0454545454545454,8,11,0.0284697508896797,0.0387323943661972,Pacific
CA,06,047,00277288,06047,Merced,Merced County,06,H1,G4020,488,32900,NA,A,5014506620,110178168,+37.1948063,-120.7228019,CA_Merced County,CA,Merced County,50.9132031834569,8.32025117739403,0,4.34055306766105,Inf,0.805105062755606,NA,0.805105062755606,0.595744680851064,NA,0.595744680851064,0.805105062755606,NA,0.805105062755606,0.774193548387097,NA,0.774193548387097,0.773371104815864,NA,0.773371104815864,1.46430910281598,NA,1.46430910281598,1.29081632653061,NA,1.29081632653061,6.69838428564699,NA,6.69838428564699,4.9645390070922,NA,4.9645390070922,6.69838428564699,NA,6.69838428564699,6.45161290322581,NA,6.45161290322581,6.43330179754021,NA,6.43330179754021,12.1801880603543,NA,12.1801880603543,10.7142857142857,NA,10.7142857142857,CA,Merced County,1758,2468,0.413744410449518,0.497680984069369,15,23,0.681818181818182,0.766666666666667,82,113,0.182222222222222,0.234927234927235,34,68,0.333333333333333,0.5,1313,2187,0.480073126142596,0.605985037406484,6,10,0.5,0.625,26,36,0.292134831460674,0.363636363636364,283,393,0.336904761904762,0.413684210526316,Pacific
CA,06,017,00277273,06017,El Dorado,El Dorado County,06,H1,G4020,472,40900,NA,A,4423299441,203342316,+38.7856116,-120.5342245,CA_El Dorado County,CA,El Dorado County,36.3186963043775,4.41190275039895,2.08057029177719,1.26824183460737,0.609564521621644,0.362338858195212,0.592331768388106,0.302873986735446,0.695652173913044,1.19402985074627,0.429906542056075,0.362338858195212,0.592331768388106,0.302873986735446,1.65384615384615,2.66666666666667,0,0,0,0,1.09407138535995,0.882352941176471,1.32599531615925,1.10144927536232,1.38576158940397,0.446341463414634,1.59896283491789,3.69649805447471,1,3.06122448979592,7.40740740740741,1.40845070422535,1.59896283491789,3.69649805447471,1,7.14285714285714,16.6666666666667,0,0,0,0,4.82680295286769,5.50786838340486,4.37853107344633,4.85436893203883,8.64197530864197,1.47058823529412,CA,El Dorado County,1316,2003,0.736842105263158,0.8099474322685,13,18,0.8125,0.857142857142857,55,76,0.466101694915254,0.546762589928058,19,27,1,1,341,487,0.902116402116402,0.929389312977099,2,3,0.5,0.6,67,102,0.728260869565217,0.803149606299213,846,1303,0.713322091062395,0.793061472915399,Pacific
CA,06,041,00277285,06041,Marin,Marin County,06,H1,G4020,488,41860,42034,A,1347950152,797055812,+38.0518169,-122.7459738,CA_Marin County,CA,Marin County,30.0409811724179,3.98378805852115,1.03774374424638,1.28423475258918,1.23752589182969,0.312912912912913,0.341205498766302,0.295980176211454,0.423728813559322,1.62,0,0.312912912912913,0.341205498766302,0.295980176211454,1.08695652173913,0,1.44,0.337899543378995,0.609022556390977,0.264705882352941,1.32256786209629,1.31996402877698,1.34769750739332,1.52389078498294,1.22222222222222,1.66609294320138,1.246660730187,1.10192837465565,1.31578947368421,1.66666666666667,5.26315789473684,0,1.246660730187,1.10192837465565,1.31578947368421,4.34782608695652,0,6.25,1.35135135135135,1.96078431372549,1.16959064327485,5.26831179005092,4.26429240862231,5.98923283983849,6.070826306914,3.94736842105263,7.3972602739726,CA,Marin County,1648,2437,0.80351048269137,0.858098591549296,8,11,0.888888888888889,0.916666666666667,67,105,0.567796610169492,0.673076923076923,36,50,0.923076923076923,0.943396226415094,575,813,0.93192868719611,0.950877192982456,8,12,0.888888888888889,0.923076923076923,63,101,0.636363636363636,0.737226277372263,896,1345,0.769098712446352,0.833333333333333,Pacific
CA,06,059,00277294,06059,Orange,Orange County,06,H1,G4020,348,31080,11244,A,2053367783,401931862,+33.6756872,-117.7772068,CA_Orange County,CA,Orange County,87.4889659969654,11.5803789375799,12.5654807520707,8.59178875503075,0.683761244361054,0.617881322182398,0.500623182384711,0.717660956881276,0.727272727272727,0.714285714285714,0.772727272727273,0.617881322182398,0.500623182384711,0.717660956881276,0.789473684210526,0.862068965517241,0.790697674418605,0.60431654676259,0.474452554744526,0.721428571428571,1.09651474530831,0.863636363636364,1.41060070671378,1.13170731707317,0.961597542242704,1.27016129032258,7.1561824435361,6.94939759036145,7.20535402210597,8.71905274488697,10.0558659217877,7.88091068301226,7.1561824435361,6.94939759036145,7.20535402210597,9.09653465346535,12.0481927710843,7.78175313059034,7.01342281879195,6.5989847715736,7.28587319243604,12.6966322142991,11.9911947695877,14.1642671054436,13.1308543854669,13.3636444682179,12.7227258518287,CA,Orange County,3746,5187,0.0699415597752012,0.0943090909090909,12,16,0.129032258064516,0.164948453608247,907,1256,0.0502771618625277,0.068301702104519,52,157,0.11063829787234,0.27304347826087,1674,5075,0.0977061810541061,0.247151066523814,22,31,0.130177514792899,0.174157303370787,138,192,0.0563035495716034,0.0766467065868263,941,1303,0.0618956784845096,0.0837134596851911,Pacific
CA,06,113,00277321,06113,Yolo,Yolo County,06,H1,G4020,472,40900,NA,A,2628144759,22878428,+38.6795955,-121.9024413,CA_Yolo County,CA,Yolo County,65.5246116055763,12.5267770204479,11.3175372464549,6.49344221727295,0.57375046141836,0.896267049533381,0.973689227836035,0.854195804195804,1.08771929824561,1.14516129032258,0.963636363636364,0.896267049533381,0.973689227836035,0.854195804195804,1.24,1.4,1.37078651685393,0.338709677419355,0.44375,0.362433862433862,1.20763811642566,1.01217228464419,1.32603406326034,0.93609022556391,1.19075144508671,0.938511326860841,11.2285914016078,19.1211401425178,7.93709757305597,13.5593220338983,22.5,8.97435897435897,11.2285914016078,19.1211401425178,7.93709757305597,15.4838709677419,27.5862068965517,12.6984126984127,4.23861852433281,8.7378640776699,3.37078651685393,15.1290846723235,19.8833252309188,12.3205054566341,11.7001828153565,23.4234234234234,8.71559633027523,CA,Yolo County,658,911,0.20365212008666,0.261481056257176,4,6,0.2,0.272727272727273,97,134,0.233173076923077,0.295805739514349,31,53,0.53448275862069,0.6625,219,303,0.14561170212766,0.19080604534005,4,5,0.142857142857143,0.172413793103448,6,8,0.0857142857142857,0.111111111111111,311,430,0.270670147954743,0.339116719242902,Pacific
CA,06,083,00277306,06083,Santa Barbara,Santa Barbara County,06,H1,G4020,NA,42200,NA,A,7084063392,2729751706,+34.5370572,-120.0399729,CA_Santa Barbara County,CA,Santa Barbara County,76.7068273092369,8.77885111717425,9.32631578947368,6.33167799268165,0.678904525174669,0.729858504187121,0.723693983659322,0.739623648738823,0.657142857142857,0,0.8,0.729858504187121,0.723693983659322,0.739623648738823,2.13559322033898,1.25925925925926,2.26153846153846,0.657657657657658,0.325581395348837,0.777777777777778,1.67806755023514,1.24717905045774,1.85660980810235,1.05797101449275,0.9392,1.07692307692308,6.40687801112619,7.20244716351502,6.32266800105967,5.75916230366492,0,6.9620253164557,6.40687801112619,7.20244716351502,6.32266800105967,18.75,12.5,19.2567567567568,5.82362728785358,3.26797385620915,6.69642857142857,14.7281323877069,12.4103299856528,15.867418899859,9.27903871829105,9.35251798561151,9.23566878980892,CA,Santa Barbara County,1003,1389,0.17398091934085,0.225816940334905,5,11,0.3125,0.5,22,30,0.0836501901140684,0.11070110701107,11,29,0.239130434782609,0.453125,705,1737,0.226542416452442,0.419160231660232,2,3,0.032258064516129,0.0476190476190476,24,34,0.147239263803681,0.196531791907514,236,326,0.112114014251781,0.148519362186788,Pacific
CA,06,043,00277286,06043,Mariposa,Mariposa County,06,H1,G4020,NA,NA,NA,A,3752472150,36225644,+37.5700295,-119.9128613,CA_Mariposa County,CA,Mariposa County,NA,NA,NA,NA,NA,NA,NA,NA,NA,NA,NA,NA,NA,NA,NA,NA,NA,NA,NA,NA,NA,NA,NA,NA,NA,NA,NA,NA,NA,NA,NA,NA,NA,NA,NA,NA,NA,NA,NA,NA,NA,NA,NA,NA,NA,NA,NA,CA,Mariposa County,115,159,1,1,5,7,1,1,2,2,1,1,1,1,1,1,21,28,1,1,NA,NA,NA,NA,8,12,1,1,79,109,1,1,Pacific
CA,06,061,00277295,06061,Placer,Placer County,06,H1,G4020,472,40900,NA,A,3644306246,246466620,+39.0620323,-120.7227181,CA_Placer County,CA,Placer County,71.1660491141747,9.29173693086003,7.18006392802178,6.02926413774222,0.839722904723966,0.450929752066116,0.488516449410304,0.411690496215307,0.633802816901408,0.640625,0.617283950617284,0.450929752066116,0.488516449410304,0.411690496215307,0.743589743589744,0.617647058823529,0.888888888888889,0.349726775956284,0.443181818181818,0.234375,1.1182139415355,1.08696326150984,1.16587837837838,1.07154213036566,1.14064914992272,0.983471074380165,4.19161676646707,4.33992274483072,4.05518394648829,5.95238095238095,5.74712643678161,6.17283950617284,4.19161676646707,4.33992274483072,4.05518394648829,7.10382513661202,5.37634408602151,8.88888888888889,3.23325635103926,3.95833333333333,2.33160621761658,10.391061452514,9.65215911025365,11.4842175957018,9.94974874371859,10.1301641199774,9.688013136289,CA,Placer County,1170,1621,0.209752599498028,0.268867142146293,8,19,0.285714285714286,0.487179487179487,89,123,0.12992700729927,0.171070931849791,52,82,0.65,0.745454545454545,381,676,0.497389033942559,0.637134778510839,7,11,0.35,0.458333333333333,80,111,0.212201591511936,0.272058823529412,753,1043,0.19701726844584,0.253647859922179,Pacific
CA,06,115,00277322,06115,Yuba,Yuba County,06,H1,G4020,472,49700,NA,A,1636913845,31057995,+39.2701300,-121.3442587,CA_Yuba County,CA,Yuba County,62.6346889120612,3.21864594894562,10.5646630236794,1.67678519803411,0.158716392020815,0.64258360990554,0.711612548156302,0.63629422244846,0.9,1.29323308270677,0.923076923076923,0.64258360990554,0.711612548156302,0.63629422244846,0.708333333333333,0,0.934782608695652,1.078125,2.43867924528302,0.989795918367347,1.38908720040796,1.07074739410069,1.43777264562484,1.04830053667263,0.722513089005236,1.03321033210332,2.06857466704449,10.9489051094891,1.70990566037736,2.89855072463768,20,2.47524752475248,2.06857466704449,10.9489051094891,1.70990566037736,2.32558139534884,0,2.5,3.46820809248555,37.5,2.66272189349112,4.4708545557442,16.4705882352941,3.86444708680143,3.37301587301587,11.1111111111111,2.77777777777778,CA,Yuba County,586,923,0.668949771689498,0.760923330585326,13,20,0.684210526315789,0.769230769230769,44,68,0.656716417910448,0.747252747252747,19,30,0.612903225806452,0.714285714285714,253,378,0.776073619631902,0.838137472283814,3,5,0.75,0.833333333333333,44,67,0.721311475409836,0.797619047619048,212,354,0.572972972972973,0.69140625,Pacific
CA,06,009,01675885,06009,Calaveras,Calaveras County,06,H1,G4020,NA,NA,NA,A,2641784992,43841871,+38.1838996,-120.5614415,CA_Calaveras County,CA,Calaveras County,NA,NA,NA,NA,NA,NA,NA,NA,NA,NA,NA,NA,NA,NA,NA,NA,NA,NA,NA,NA,NA,NA,NA,NA,NA,NA,NA,NA,NA,NA,NA,NA,NA,NA,NA,NA,NA,NA,NA,NA,NA,NA,NA,NA,NA,NA,NA,CA,Calaveras County,308,427,1,1,5,6,1,1,4,5,1,1,2,3,1,1,61,85,1,1,1,1,1,1,17,24,1,1,218,302,1,1,Pacific
CA,06,029,02054176,06029,Kern,Kern County,06,H1,G4020,NA,12540,NA,A,21062540828,78680980,+35.3466288,-118.7295064,CA_Kern County,CA,Kern County,69.2473814349842,8.16826941496494,11.1470780674266,4.65616629971836,0.417702851954036,0.814867762687634,0.588174003646783,0.938118811881188,0.8125,0.597222222222222,0.883720930232558,0.814867762687634,0.588174003646783,0.938118811881188,1.125,0.784810126582278,1.09090909090909,0.515901060070671,0.516949152542373,0.533219761499148,1.52130044843049,1.17913162082291,1.34126333059885,1.00662251655629,1.06177606177606,0.765625,6.65585838226273,8.2208726945569,6.48696538666926,6.70926517571885,8.43373493975904,6.08695652173913,6.65585838226273,8.2208726945569,6.48696538666926,9.02612826603325,10.9289617486339,7.56302521008403,4.20838971583221,7.22781335773101,3.68429410830554,12.4285775658375,16.4769381746811,9.27638114159089,8.19423368740516,14.8580968280467,5.29753265602322,CA,Kern County,3529,5232,0.248713792374375,0.329222250188774,24,44,0.363636363636364,0.511627906976744,62,86,0.0516666666666667,0.0702614379084967,315,555,0.503194888178914,0.640877598152425,1965,4343,0.244372590473822,0.416834629043094,10,14,0.208333333333333,0.269230769230769,108,155,0.4,0.488958990536278,1184,1639,0.290409614912926,0.361650485436893,Pacific
CA,06,071,00277300,06071,San Bernardino,San Bernardino County,06,H1,G4020,348,40140,NA,A,51975576263,96414425,+34.8572198,-116.1811967,CA_San Bernardino County,CA,San Bernardino County,76.0842017199592,9.63487597425698,11.7037072232055,6.18804660198996,0.528725341806281,0.869666861484512,0.739402052655065,0.978029384014018,0.846153846153846,0.702702702702703,0.9,0.869666861484512,0.739402052655065,0.978029384014018,1.06818181818182,1.10204081632653,1,0.582926829268293,0.660972404730618,0.557553956834532,1.38571428571429,1.1596406357982,1.23440285204991,0.885714285714286,1.0586592178771,0.701149425287356,8.37964538202714,12.0266686312067,7.8428927680798,8.04979253112033,11.7117117117117,7.22278738555443,8.37964538202714,12.0266686312067,7.8428927680798,10.1608187134503,17.9054054054054,8.02238805970149,5.61385513649992,10.7568857080894,4.47027053093504,13.3541671251568,18.8626511521789,9.89357508868743,8.53179190751445,17.1889400921659,5.63271604938272,CA,San Bernardino County,5919,8196,0.165747248746885,0.215752342845109,47,70,0.326388888888889,0.419161676646707,263,364,0.0681700362882322,0.091942409699419,668,1472,0.319464371114299,0.50846286701209,3265,4633,0.155498404533981,0.207154035323049,24,33,0.147239263803681,0.191860465116279,238,330,0.243852459016393,0.308988764044944,1535,2125,0.201893989214784,0.259367752959844,Pacific
CA,06,103,01692767,06103,Tehama,Tehama County,06,H1,G4020,454,39780,NA,A,7638228749,33767783,+40.1261573,-122.2322737,CA_Tehama County,CA,Tehama County,NA,NA,NA,NA,NA,NA,NA,NA,NA,NA,NA,NA,NA,NA,NA,NA,NA,NA,NA,NA,NA,NA,NA,NA,NA,NA,NA,NA,NA,NA,NA,NA,NA,NA,NA,NA,NA,NA,NA,NA,NA,NA,NA,NA,NA,NA,NA,CA,Tehama County,666,923,1,1,17,23,1,1,7,10,1,1,6,8,1,1,268,372,1,1,2,2,1,1,22,30,1,1,345,478,1,1,Pacific
CA,06,037,00277283,06037,Los Angeles,Los Angeles County,06,H1,G4020,348,31080,31084,A,10511861492,1793485467,+34.1963983,-118.2618616,CA_Los Angeles County,CA,Los Angeles County,83.4381301752636,9.47362723518162,10.4859335038363,7.34185127769165,0.700161914531082,0.824902137910268,0.724357202101189,0.871766798959902,1.05555555555556,0.894736842105263,1.05555555555556,0.824902137910268,0.724357202101189,0.871766798959902,1.14634146341463,1.03448275862069,1.16216216216216,0.617440225035162,0.706542056074766,0.611481975967957,1.31559220389805,1.01435257410296,1.39653304442037,1.21538461538462,1.05152979066023,1.17222222222222,7.81556371035852,9.04297489460769,7.6820290819379,9.5829636202307,10.952380952381,9.26935659760087,7.81556371035852,9.04297489460769,7.6820290819379,10.907627289193,12.9644268774704,10.2051835853132,5.85425512276168,8.81102228270114,5.39018074058253,12.4612008826223,12.6615354028799,12.308325837948,11.5193832738302,13.1208791208791,10.3049830564969,CA,Los Angeles County,14739,20410,0.113153227849559,0.150153022188217,50,69,0.18796992481203,0.242105263157895,1473,2039,0.0615236822320608,0.0831973233229966,1578,4138,0.237221888153939,0.449196699956578,8385,16608,0.116974972796518,0.20784681809649,35,48,0.0606585788561525,0.0813559322033898,574,795,0.136018957345972,0.179013735645125,2849,3946,0.12321065605674,0.162923203963666,Pacific
CA,06,011,01675902,06011,Colusa,Colusa County,06,H1,G4020,NA,NA,NA,A,2980332742,14608887,+39.1777385,-122.2375629,CA_Colusa County,CA,Colusa County,4.86899112853311,13.9830508474576,0,0.694590612502631,Inf,0.655457227138643,NA,0.655457227138643,0,NA,0,0.655457227138643,NA,0.655457227138643,0,NA,0,0,NA,0,1.57351899929195,NA,1.57351899929195,NaN,NA,NaN,9.16666666666667,NA,9.16666666666667,0,NA,0,9.16666666666667,NA,9.16666666666667,0,NA,0,0,NA,0,22,NA,22,NaN,NA,NaN,CA,Colusa County,281,389,0.894904458598726,0.921800947867299,5,6,1,1,3,4,1,1,2,2,1,1,220,305,0.952380952380952,0.965189873417722,0,1,NA,1,2,3,1,1,50,70,0.694444444444444,0.760869565217391,Pacific
CA,06,057,01682927,06057,Nevada,Nevada County,06,H1,G4020,472,46020,NA,A,2480587338,41531993,+39.2975082,-120.7713429,CA_Nevada County,CA,Nevada County,13.7146643109541,9.23242082662373,3.99415489527521,0.0844059928254906,0.0211323784476503,0.361726954492415,0.351923076923077,0.715922107674685,0,0,NaN,0.361726954492415,0.351923076923077,0.715922107674685,0,0,NaN,1.52631578947368,1.56410256410256,NaN,1.21587782058338,1.22684674751929,0.984381152382202,0,NaN,0,3.34029227557411,3.2051282051282,9.09090909090909,0,0,NaN,3.34029227557411,3.2051282051282,9.09090909090909,0,0,NaN,14.2857142857143,14.2857142857143,NaN,11.2259970457903,11.1791730474732,12.5,0,NaN,0,CA,Nevada County,714,988,0.805869074492099,0.851724137931035,10,13,1,1,10,14,0.769230769230769,0.823529411764706,14,19,0.933333333333333,0.95,139,198,0.896774193548387,0.925233644859813,2,3,1,1,38,53,1,1,515,714,0.772113943028486,0.824480369515012,Pacific
CA,06,089,01682610,06089,Shasta,Shasta County,06,H1,G4020,454,39820,NA,A,9778407493,186302040,+40.7605142,-122.0435556,CA_Shasta County,CA,Shasta County,26.6517357222844,27.8325123152709,0,8.08603779938544,Inf,0.622030237580994,NA,0.622030237580994,0.678670360110803,NA,0.678670360110803,0.622030237580994,NA,0.622030237580994,0.307692307692308,NA,0.307692307692308,0.937888198757764,NA,0.937888198757764,1.0384064201777,NA,1.0384064201777,1.22473867595819,NA,1.22473867595819,17.3096976016684,NA,17.3096976016684,18.8755020080321,NA,18.8755020080321,17.3096976016684,NA,17.3096976016684,8.33333333333333,NA,8.33333333333333,26.1261261261261,NA,26.1261261261261,28.9036544850498,NA,28.9036544850498,34.0909090909091,NA,34.0909090909091,CA,Shasta County,1157,1602,0.375893437296946,0.454726085722396,52,72,0.525252525252525,0.605042016806723,42,58,0.219895287958115,0.280193236714976,18,25,0.382978723404255,0.462962962962963,181,251,0.521613832853026,0.601918465227818,4,6,0.571428571428571,0.666666666666667,77,107,0.363207547169811,0.442148760330579,783,1084,0.36,0.437802907915994,Pacific
CA,06,091,00277310,06091,Sierra,Sierra County,06,H1,G4020,NA,NA,NA,A,2468694583,23299110,+39.5769252,-120.5219926,CA_Sierra County,CA,Sierra County,NA,NA,NA,NA,NA,NA,NA,NA,NA,NA,NA,NA,NA,NA,NA,NA,NA,NA,NA,NA,NA,NA,NA,NA,NA,NA,NA,NA,NA,NA,NA,NA,NA,NA,NA,NA,NA,NA,NA,NA,NA,NA,NA,NA,NA,NA,NA,CA,Sierra County,25,35,1,1,0,1,NA,1,0,0,NA,NA,0,0,NA,NA,4,5,1,1,0,0,NA,NA,NA,NA,NA,NA,20,28,1,1,Pacific
CA,06,093,00277311,06093,Siskiyou,Siskiyou County,06,H1,G4020,NA,NA,NA,A,16261933244,179149815,+41.5879861,-122.5332868,CA_Siskiyou County,CA,Siskiyou County,11.2251341964004,12.9395218002813,1.70731707317073,1.43484132343011,0.84040706086621,0.695754716981132,0.922513990529488,0.698071216617211,0,0,0,0.695754716981132,0.922513990529488,0.698071216617211,0,NaN,0,0,NaN,0,1.18883705967508,1.13126113640863,1.17548790007806,0.857707509881423,0,0.845323741007194,9.00473933649289,6.52173913043478,9.6969696969697,0,0,0,9.00473933649289,6.52173913043478,9.6969696969697,0,NaN,0,0,NaN,0,15.3846153846154,8,16.3265306122449,11.1111111111111,0,11.7647058823529,CA,Siskiyou County,342,474,0.788018433179724,0.837455830388693,32,46,1,1,7,10,0.7,0.769230769230769,5,8,1,1,66,91,0.776470588235294,0.827272727272727,1,2,1,1,27,38,0.931034482758621,0.95,205,283,0.750915750915751,0.806267806267806,Pacific
CA,06,021,00277275,06021,Glenn,Glenn County,06,H1,G4020,NA,NA,NA,A,3403160291,33693350,+39.6025462,-122.4016998,CA_Glenn County,CA,Glenn County,18.5380557648832,2.64227642276423,0,0.603528319405757,Inf,0.711752004935225,NA,0.711752004935225,5.42253521126761,NA,5.42253521126761,0.711752004935225,NA,0.711752004935225,0,NA,0,0,NA,0,1.63988192850115,NA,1.63988192850115,0,NA,0,1.88087774294671,NA,1.88087774294671,14.2857142857143,NA,14.2857142857143,1.88087774294671,NA,1.88087774294671,0,NA,0,0,NA,0,4.33333333333333,NA,4.33333333333333,0,NA,0,CA,Glenn County,297,422,0.919504643962848,0.941964285714286,6,9,0.857142857142857,0.9,7,11,1,1,1,2,1,1,177,250,0.936507936507936,0.954198473282443,1,2,1,1,6,9,1,1,98,140,0.882882882882883,0.915032679738562,Pacific
CA,06,105,00277317,06105,Trinity,Trinity County,06,H1,G4020,NA,NA,NA,A,8234265082,73407950,+40.6478033,-123.1144760,CA_Trinity County,CA,Trinity County,13.2022471910112,13.2978723404255,NaN,1.75561797752809,NaN,0.37593984962406,NA,0.37593984962406,0,NA,0,0.37593984962406,NA,0.37593984962406,NaN,NA,NaN,NaN,NA,NaN,0.96,NA,0.96,2.14861235452104,NA,2.14861235452104,5,NA,5,0,NA,0,5,NA,5,NaN,NA,NaN,NaN,NA,NaN,12.7659574468085,NA,12.7659574468085,28.5714285714286,NA,28.5714285714286,CA,Trinity County,75,104,0.75,0.806201550387597,6,9,1,1,3,5,1,1,0,1,NA,1,7,11,0.875,0.916666666666667,0,0,NA,NA,6,8,0.5,0.571428571428571,52,73,0.742857142857143,0.802197802197802,Pacific
CA,06,077,00277303,06077,San Joaquin,San Joaquin County,06,H1,G4020,488,44700,NA,A,3606127799,89109687,+37.9349815,-121.2722440,CA_San Joaquin County,CA,San Joaquin County,40.4097553182992,8.20952067204744,7.04468751270687,1.50321622958931,0.213382953733275,0.619130058428912,0.621156493804497,0.655714285714286,1.24,1.5,0.647058823529412,0.619130058428912,0.621156493804497,0.655714285714286,0.75,0.7,0.955555555555556,0.408906882591093,0.479020979020979,0.401086956521739,1.49862258953168,1.3655523255814,1.36305732484076,0.824480369515012,0.894230769230769,0.716186252771619,5.0828729281768,6.89655172413793,3.37622803376228,10.1639344262295,16.7741935483871,3.33333333333333,5.0828729281768,6.89655172413793,3.37622803376228,6.2111801242236,7.83410138248848,4.88721804511278,3.35555555555556,5.31914893617021,2.06337509211496,12.3071104387292,15.1606893339544,7.01640759930915,6.77578987438142,9.94602929838088,3.68421052631579,CA,San Joaquin County,5452,7684,0.522422384055194,0.606567729712662,50,70,0.617283950617284,0.693069306930693,612,847,0.284254528564793,0.354690117252931,574,852,0.791724137931034,0.849451645064806,3431,5300,0.706403129503809,0.787986916443651,122,179,0.802631578947368,0.856459330143541,213,339,0.544757033248082,0.655705996131528,855,1184,0.344480257856567,0.421202419067947,Pacific
CA,06,039,00277284,06039,Madera,Madera County,06,H1,G4020,260,31460,NA,A,5534617472,42245931,+37.2098213,-119.7498023,CA_Madera County,CA,Madera County,5.38712179984484,8.35253456221198,0,0.466838377334192,Inf,0.57725321888412,NA,0.57725321888412,0,NA,0,0.57725321888412,NA,0.57725321888412,0,NA,0,0.92,NA,0.92,1.48741805878621,NA,1.48741805878621,0.315068493150685,NA,0.315068493150685,4.82076637824475,NA,4.82076637824475,0,NA,0,4.82076637824475,NA,4.82076637824475,0,NA,0,7.69230769230769,NA,7.69230769230769,12.4238733252132,NA,12.4238733252132,2.63157894736842,NA,2.63157894736842,CA,Madera County,1857,2572,0.927572427572428,0.946632315053368,22,30,1,1,27,39,0.931034482758621,0.951219512195122,30,41,0.967741935483871,0.976190476190476,1418,1979,0.973232669869595,0.980673934588702,2,3,1,1,29,41,0.966666666666667,0.976190476190476,340,471,0.769230769230769,0.821989528795812,Pacific
CA,06,081,00277305,06081,San Mateo,San Mateo County,06,H1,G4020,488,41860,41884,A,1161957020,757114175,+37.4146725,-122.3715457,CA_San Mateo County,CA,San Mateo County,35.0414732839831,9.66842456204158,1.89960598391902,4.12615189068955,2.1721093351038,0.374369859379146,0.552262090483619,0.318716577540107,0.428571428571429,1.41666666666667,0.285714285714286,0.374369859379146,0.552262090483619,0.318716577540107,0.29585798816568,0,0.281818181818182,0.8,0.278688524590164,0.817307692307692,1.5711493354183,1.21321614583333,1.7714657415438,1.3234100135318,0.746681415929204,1.59118541033435,3.61881785283474,3.01435406698565,3.74093765103915,4.44444444444444,7.69230769230769,3.125,3.61881785283474,3.01435406698565,3.74093765103915,2.87253141831239,0,3.29218106995885,7.77027027027027,1.51515151515152,9.56521739130435,15.1895734597156,6.62073097663271,20.7957663661309,12.8026261797292,4.07331975560081,18.6941580756014,CA,San Mateo County,3725,5158,0.538684020245842,0.617872544321993,8,12,0.8,0.857142857142857,818,1132,0.425377015080603,0.506034868126956,66,94,0.741573033707865,0.803418803418803,1726,2564,0.793198529411765,0.850696748506968,93,134,0.853211009174312,0.893333333333333,274,379,0.467576791808874,0.548480463096961,1066,1476,0.454003407155026,0.535170413343002,Pacific
CA,06,109,00277319,06109,Tuolumne,Tuolumne County,06,H1,G4020,NA,43760,NA,A,5752029633,138772442,+38.0214344,-119.9647335,CA_Tuolumne County,CA,Tuolumne County,48.1487949703109,4.71527022125499,2.17983651226158,2.27654413136779,1.04436462026497,0.516168395363026,0.829462508294625,0.496668685645064,0.935222672064777,0,1.00819672131148,0.516168395363026,0.829462508294625,0.496668685645064,4.27777777777778,NaN,4.20512820512821,0,0,0,1.14348287762145,1.16140164587205,1.14257268020709,0,0,0,2.43362831858407,3.03030303030303,2.38663484486873,4.41176470588235,0,4.83870967741935,2.43362831858407,3.03030303030303,2.38663484486873,20,NaN,20,0,0,0,5.39239287433799,4.24242424242424,5.49163179916318,0,0,0,CA,Tuolumne County,219,352,0.627507163323782,0.730290456431535,7,12,0.7,0.8,4,6,0.666666666666667,0.75,4,4,1,1,50,72,0.819672131147541,0.867469879518072,1,1,0.333333333333333,0.333333333333333,11,15,1,1,144,243,0.5625,0.684507042253521,Pacific
CA,06,069,00277299,06069,San Benito,San Benito County,06,H1,G4020,488,41940,NA,A,3596591082,4719300,+36.6116507,-121.0858108,CA_San Benito County,CA,San Benito County,1.25699605468392,28.4671532846715,NaN,0.357830993669144,NaN,0.767244094488189,NA,0.767244094488189,NaN,NA,NaN,0.767244094488189,NA,0.767244094488189,3.50684931506849,NA,3.50684931506849,0,NA,0,1.32913735653462,NA,1.32913735653462,1.1689497716895,NA,1.1689497716895,21.8390804597701,NA,21.8390804597701,NaN,NA,NaN,21.8390804597701,NA,21.8390804597701,100,NA,100,0,NA,0,37.8378378378378,NA,37.8378378378378,33.3333333333333,NA,33.3333333333333,CA,San Benito County,655,908,0.943804034582133,0.958817317845829,2,2,1,1,12,17,0.75,0.80952380952381,2,3,1,1,490,678,0.962671905697446,0.97274031563845,1,1,0.5,0.5,15,20,0.9375,0.952380952380952,133,185,0.904761904761905,0.92964824120603,Pacific
CA,06,085,00277307,06085,Santa Clara,Santa Clara County,06,H1,G4020,488,41940,NA,A,3343890934,33595384,+37.2206954,-121.6905097,CA_Santa Clara County,CA,Santa Clara County,20.4990322864432,8.38474330776246,1.73528689530981,1.70765404807958,0.984075920065483,0.497366288492707,0.618417181523978,0.452592716898809,0.756756756756757,0.41025641025641,1,0.497366288492707,0.618417181523978,0.452592716898809,0.708333333333333,0.185185185185185,1.13636363636364,0.512820512820513,0.478468899521531,0.540106951871658,1.40988764044944,1.01954198473282,1.96655737704918,1.17415730337079,1.10886469673406,1.22943722943723,4.16968555281843,5.27978933508887,3.74831325903343,6.2200956937799,3.44827586206897,8.19672131147541,4.16968555281843,5.27978933508887,3.74831325903343,5.92592592592593,1.65289256198347,9.39597315436242,4.30009149130833,4.07725321888412,4.46570972886762,11.8238083755325,8.70218579234973,16.2858816637376,9.83935742971888,9.46416144745999,10.186976144423,CA,Santa Clara County,13207,18316,0.737986142154671,0.796174744620735,42,64,0.763636363636364,0.831168831168831,4926,6821,0.743771704665559,0.800774829772247,266,385,0.849840255591054,0.891203703703704,5250,7713,0.820184346195907,0.870148916967509,62,93,0.794871794871795,0.853211009174312,693,959,0.702127659574468,0.76536312849162,2519,3488,0.631328320802005,0.703367614438395,Pacific
CA,06,035,01693324,06035,Lassen,Lassen County,06,H1,G4020,NA,45000,NA,A,11761615584,463426056,+40.7210862,-120.6299518,CA_Lassen County,CA,Lassen County,14.1649048625793,3.91791044776119,0,0.609048723897912,Inf,0,NA,0,0.689855072463768,NA,0.689855072463768,0,NA,0,0,NA,0,0,NA,0,1.42191699014631,NA,1.42191699014631,NaN,NA,NaN,0,NA,0,2.7027027027027,NA,2.7027027027027,0,NA,0,0,NA,0,0,NA,0,5.57103064066852,NA,5.57103064066852,NaN,NA,NaN,CA,Lassen County,210,298,0.909090909090909,0.934169278996865,12,17,0.923076923076923,0.944444444444444,3,5,1,1,6,7,1,1,41,56,1,1,4,7,1,1,4,6,1,1,138,199,0.873417721518987,0.908675799086758,Pacific
CA,06,027,01804637,06027,Inyo,Inyo County,06,H1,G4020,NA,NA,NA,A,26410680788,76915743,+36.5619770,-117.4039269,CA_Inyo County,CA,Inyo County,NA,NA,NA,NA,NA,NA,NA,NA,NA,NA,NA,NA,NA,NA,NA,NA,NA,NA,NA,NA,NA,NA,NA,NA,NA,NA,NA,NA,NA,NA,NA,NA,NA,NA,NA,NA,NA,NA,NA,NA,NA,NA,NA,NA,NA,NA,NA,CA,Inyo County,164,227,1,1,29,40,1,1,2,3,1,1,1,1,1,1,58,80,1,1,0,1,NA,1,11,15,1,1,64,88,1,1,Pacific
CA,06,045,00277287,06045,Mendocino,Mendocino County,06,H1,G4020,NA,46380,NA,A,9081426663,962946206,+39.4323876,-123.4428811,CA_Mendocino County,CA,Mendocino County,56.7176613147531,3.95246361329951,0,2.28271766792627,Inf,0.708036622583927,NA,0.708036622583927,0.243682310469314,NA,0.243682310469314,0.708036622583927,NA,0.708036622583927,0,NA,0,1.6875,NA,1.6875,1.45208596713021,NA,1.45208596713021,0.8283378746594,NA,0.8283378746594,2.79815267590329,NA,2.79815267590329,0.963855421686747,NA,0.963855421686747,2.79815267590329,NA,2.79815267590329,0,NA,0,6.66666666666667,NA,6.66666666666667,5.73936529372046,NA,5.73936529372046,3.27272727272727,NA,3.27272727272727,CA,Mendocino County,508,818,0.631840796019901,0.734290843806104,50,71,0.925925925925926,0.946666666666667,4,7,0.4,0.538461538461538,3,5,0.428571428571429,0.555555555555556,243,376,0.702312138728324,0.784968684759917,1,2,1,1,27,40,0.75,0.816326530612245,182,318,0.517045454545455,0.651639344262295,Pacific
CA,06,031,00277280,06031,Kings,Kings County,06,H1,G4020,260,25260,NA,A,3600883803,3162664,+36.0724780,-119.8155301,CA_Kings County,CA,Kings County,11.6073280331835,2.56104824300179,0.816582914572864,0.267027580656961,0.32700608338914,0.583574144486692,0.568236380424746,0.597353781386258,0,0,0,0.583574144486692,0.568236380424746,0.597353781386258,0,0,0,0.5669099756691,1.12591508052709,0.348600508905852,1.80701754385965,1.03393817204301,1.91558777835318,1.55111111111111,3.15163934426229,1.22595078299776,1.4945652173913,3.6036036036036,1.38292799237005,0,0,0,1.4945652173913,3.6036036036036,1.38292799237005,0,0,0,1.44927536231884,7.14285714285714,0.806451612903226,4.62686567164179,6.55737704918033,4.43349753694581,3.97350993377483,20,2.83687943262411,CA,Kings County,1675,2353,0.951164111300398,0.964739647396474,18,25,1,1,29,41,0.674418604651163,0.745454545454545,65,92,0.970149253731343,0.978723404255319,1202,1678,0.973279352226721,0.980713033313852,8,11,1,1,37,54,0.86046511627907,0.9,320,454,0.911680911680912,0.936082474226804,Pacific
CA,06,007,01675842,06007,Butte,Butte County,06,H1,G4020,NA,17020,NA,A,4238488156,105261063,+39.6659588,-121.6019188,CA_Butte County,CA,Butte County,34.9383384850706,5.67311200291864,3.75240902392019,1.28989361702128,0.343750803496818,0.479780133490381,0.400105988341282,0.581040768975804,0.594736842105263,0.571428571428571,0.688,0.479780133490381,0.400105988341282,0.581040768975804,0,0,0,0.863414634146341,1.09326424870466,0.64018691588785,1.22443977591036,1.14609993906155,1.25210577864838,0.794435857805255,0.584139264990329,1.02300405953992,2.72206303724928,2.90360046457607,2.64111859140342,3.36538461538462,4.16666666666667,3.125,2.72206303724928,2.90360046457607,2.64111859140342,0,0,0,4.88888888888889,7.95454545454545,2.91970802919708,6.94555324924158,8.31108144192256,5.69329660238751,4.51339915373766,4.23728813559322,4.65116279069767,CA,Butte County,1289,2025,0.674515960230246,0.765017000377786,40,59,0.851063829787234,0.893939393939394,75,104,0.551470588235294,0.63030303030303,27,42,0.710526315789474,0.792452830188679,377,551,0.832229580573951,0.878787878787879,8,10,1,1,97,147,0.751937984496124,0.82122905027933,736,1112,0.628522630230572,0.718810601163542,Pacific
CA,06,065,00277297,06065,Riverside,Riverside County,06,H1,G4020,348,40140,NA,A,18671212657,243883196,+33.7298275,-116.0022389,CA_Riverside County,CA,Riverside County,71.9596422029637,5.69324179582145,4.41808372482198,3.98020340870974,0.900889085996241,0.819545649378483,0.661541615416154,0.872607346094154,1.125,1.14705882352941,1.11904761904762,0.819545649378483,0.661541615416154,0.872607346094154,1.14942528735632,1.05347593582888,1.17307692307692,0.678513731825525,0.58195211786372,0.716279069767442,1.45838587641866,1.27108239095315,1.55774647887324,1.2468085106383,1.21084337349398,1.23880597014925,4.66567717312142,4.21399685753291,4.76412366735346,6.4279902359642,7.43494423791822,6.14583333333333,4.66567717312142,4.21399685753291,4.76412366735346,6.5946348733234,6.71591672263264,6.44351464435146,3.86158736776278,3.70027752081406,3.90850992263707,8.30180235160096,8.09450353170415,8.51003099005056,7.09580016469942,7.71266540642722,6.74423615600086,CA,Riverside County,8584,18676,0.32724638786169,0.51416457891694,48,91,0.377952755905512,0.535294117647059,383,530,0.165585819282317,0.215447154471545,846,1456,0.533081285444234,0.662721893491124,6628,13073,0.395701492537313,0.563612847596465,31,91,0.149038461538462,0.33955223880597,456,728,0.468653648509764,0.584738955823293,2481,3500,0.378085949405669,0.461680517082179,Pacific
CA,06,025,00277277,06025,Imperial,Imperial County,06,H1,G4020,NA,20940,NA,A,10814594615,790217372,+33.0408143,-115.3554001,CA_Imperial County,CA,Imperial County,63.3229652669777,7.14695047073271,0,4.54096228868661,Inf,0.913988964621876,NA,0.913988964621876,0.666666666666667,NA,0.666666666666667,0.913988964621876,NA,0.913988964621876,2.83333333333333,NA,2.83333333333333,0.519480519480519,NA,0.519480519480519,2.16939890710383,NA,2.16939890710383,1.2093023255814,NA,1.2093023255814,6.53232949512843,NA,6.53232949512843,4.76190476190476,NA,4.76190476190476,6.53232949512843,NA,6.53232949512843,20,NA,20,3.74331550802139,NA,3.74331550802139,15.5108128262491,NA,15.5108128262491,8.49056603773585,NA,8.49056603773585,CA,Imperial County,862,1507,0.330521472392638,0.463264678758069,23,33,0.958333333333333,0.970588235294118,2,2,0.0444444444444444,0.0444444444444444,8,15,0.533333333333333,0.681818181818182,799,1535,0.351363236587511,0.509966777408638,1,1,0.25,0.25,7,9,0.4375,0.5,27,37,0.114893617021277,0.151020408163265,Pacific
CA,06,051,00277290,06051,Mono,Mono County,06,H1,G4020,NA,NA,NA,A,7896838483,214695677,+37.9158363,-118.8751668,CA_Mono County,CA,Mono County,NA,NA,NA,NA,NA,NA,NA,NA,NA,NA,NA,NA,NA,NA,NA,NA,NA,NA,NA,NA,NA,NA,NA,NA,NA,NA,NA,NA,NA,NA,NA,NA,NA,NA,NA,NA,NA,NA,NA,NA,NA,NA,NA,NA,NA,NA,NA,CA,Mono County,99,137,1,1,2,3,1,1,1,1,1,1,0,0,NA,NA,53,73,1,1,0,0,NA,NA,1,2,1,1,41,57,1,1,Pacific
CA,06,003,01675840,06003,Alpine,Alpine County,06,H1,G4020,NA,NA,NA,A,1912292608,12557304,+38.6217831,-119.7983522,CA_Alpine County,CA,Alpine County,NA,NA,NA,NA,NA,NA,NA,NA,NA,NA,NA,NA,NA,NA,NA,NA,NA,NA,NA,NA,NA,NA,NA,NA,NA,NA,NA,NA,NA,NA,NA,NA,NA,NA,NA,NA,NA,NA,NA,NA,NA,NA,NA,NA,NA,NA,NA,CA,Alpine County,5,7,1,1,2,3,1,1,NA,NA,NA,NA,NA,NA,NA,NA,0,0,NA,NA,NA,NA,NA,NA,0,0,NA,NA,2,3,1,1,Pacific
CA,06,079,00277304,06079,San Luis Obispo,San Luis Obispo County,06,H1,G4020,NA,42020,NA,A,8548557892,815573121,+35.3852242,-120.4475445,CA_San Luis Obispo County,CA,San Luis Obispo County,59.3527564047146,5.99145465138862,3.29083901571301,3.72483379697298,1.13187967542251,0.417897288957461,0.445527015057573,0.410007757951901,1.37735849056604,0.918918918918919,1.76744186046512,0.417897288957461,0.445527015057573,0.410007757951901,0.761904761904762,1.73076923076923,0,0.542857142857143,0.647482014388489,0.436781609195402,1.52064026958719,1.28774392331393,1.69535946140899,1.02153846153846,0.767918088737201,1.14619883040936,2.50428082191781,2.74477673084801,2.41923801245835,8.18181818181818,5.66037735849057,10.5263157894737,2.50428082191781,2.74477673084801,2.41923801245835,4.54545454545455,10.5263157894737,0,3.2258064516129,4,2.56410256410256,9.11136107986502,7.93349168646081,10.0017956545161,6.12855007473842,4.739336492891,6.76855895196507,CA,San Luis Obispo County,879,1692,0.415996213913867,0.578263841421736,4,6,0.307692307692308,0.4,32,44,0.390243902439024,0.468085106382979,14,21,0.666666666666667,0.75,626,957,0.727906976744186,0.80352644836272,3,5,0.6,0.714285714285714,30,57,0.422535211267606,0.581632653061224,493,682,0.35621387283237,0.433566433566434,Pacific
CA,06,053,00277291,06053,Monterey,Monterey County,06,H1,G4020,NA,41500,NA,A,8499616876,1267800137,+36.2401070,-121.3155723,CA_Monterey County,CA,Monterey County,26.2921348314607,3.88156962742598,0.860753976901286,1.0410974259812,1.20951799691841,0.870591253046043,0.561233108108108,0.874304379385434,1.48484848484848,0,2,0.870591253046043,0.561233108108108,0.874304379385434,0.19047619047619,0,0.26,0.26775956284153,0.308252427184466,0.27027027027027,1.69304029304029,1.44618159951894,1.92293233082707,0.923913043478261,1.27993254637437,0.892561983471074,3.37956513839259,1.57421289355322,3.53824866574422,5.71428571428571,0,8.16326530612245,3.37956513839259,1.57421289355322,3.53824866574422,0.746268656716418,0,1.0989010989011,1.03359173126615,0.862068965517241,1.1070110701107,6.57212037357316,4.05549626467449,7.77891504605936,3.59897172236504,3.59281437125748,3.6036036036036,CA,Monterey County,4083,5970,0.832415902140673,0.878975265017668,8,13,0.666666666666667,0.764705882352941,79,125,0.607692307692308,0.710227272727273,55,77,0.932203389830508,0.950617283950617,3398,4921,0.858948432760364,0.898156597919328,26,36,0.962962962962963,0.972972972972973,86,125,0.86,0.899280575539568,447,673,0.701726844583987,0.779837775202781,Pacific
CA,06,087,00277308,06087,Santa Cruz,Santa Cruz County,06,H1,G4020,488,42100,NA,A,1152794691,419743117,+37.0124883,-122.0072050,CA_Santa Cruz County,CA,Santa Cruz County,52.6136977839549,9.15761667155856,6.10473668726096,4.12558894563883,0.675801292830188,0.800360710321865,0.605633802816901,0.964521544487969,2.38888888888889,1.38461538461538,3.42857142857143,0.800360710321865,0.605633802816901,0.964521544487969,2.1,2.08695652173913,0,0.90566037735849,0.763636363636364,0.730769230769231,1.54837364470392,1.23646623170517,1.31873479318735,0.566666666666667,0.531135531135531,0.417582417582418,7.32948761452325,7.56756756756757,7.2830494728305,22.2222222222222,17.6470588235294,26.3157894736842,7.32948761452325,7.56756756756757,7.2830494728305,20,26.6666666666667,0,8.25688073394496,9.58904109589041,5.55555555555556,14.1807794327688,15.449960180515,9.9647266313933,5.22875816993464,6.62983425414365,3.2,CA,Santa Cruz County,1121,1553,0.374540594721016,0.453430656934307,6,8,0.428571428571429,0.5,51,71,0.459459459459459,0.541984732824427,15,21,0.625,0.7,393,708,0.266802443991853,0.395973154362416,3,4,0.428571428571429,0.5,65,96,0.802469135802469,0.857142857142857,590,817,0.459143968871595,0.540343915343915,Pacific
CA,06,063,00277296,06063,Plumas,Plumas County,06,H1,G4020,NA,NA,NA,A,6612400910,156387636,+39.9922953,-120.8243709,CA_Plumas County,CA,Plumas County,NA,NA,NA,NA,NA,NA,NA,NA,NA,NA,NA,NA,NA,NA,NA,NA,NA,NA,NA,NA,NA,NA,NA,NA,NA,NA,NA,NA,NA,NA,NA,NA,NA,NA,NA,NA,NA,NA,NA,NA,NA,NA,NA,NA,NA,NA,NA,CA,Plumas County,132,183,1,1,5,6,1,1,1,2,1,1,2,3,1,1,21,29,1,1,1,1,1,1,6,8,1,1,97,134,1,1,Pacific
CA,06,023,01681908,06023,Humboldt,Humboldt County,06,H1,G4020,NA,21700,NA,A,9241426488,1253864712,+40.7066554,-123.9261757,CA_Humboldt County,CA,Humboldt County,42.8485313459009,7.55851131858294,7.07013574660633,2.82766990291262,0.399945631067961,0.54835636017151,0.824742268041237,0.483114446529081,0.636200716845878,0.390243902439024,0.693877551020408,0.54835636017151,0.824742268041237,0.483114446529081,1.25925925925926,0.563380281690141,1.57352941176471,0.419753086419753,0,0.558441558441558,1.3123768583199,1.36121942573555,1.2983842010772,0.685979142526072,0.382775119617225,0.753289473684211,4.14381474710542,7.69230769230769,3.47574221578566,4.81651376146789,3.63636363636364,4.98687664041995,4.14381474710542,7.69230769230769,3.47574221578566,9.52380952380952,5.26315789473684,11.3636363636364,3.1496062992126,0,4,9.91981672394044,12.6984126984127,9.33776669437517,5.18518518518519,3.57142857142857,5.41455160744501,CA,Humboldt County,635,947,0.517944535073409,0.615734720416125,84,124,0.8,0.855172413793103,19,35,0.441860465116279,0.593220338983051,11,16,0.733333333333333,0.8,132,209,0.66,0.754512635379061,2,3,0.25,0.333333333333333,55,90,0.611111111111111,0.72,387,536,0.471951219512195,0.553147574819401,Pacific
CA,06,095,00277312,06095,Solano,Solano County,06,H1,G4020,488,46700,NA,A,2128488719,218671901,+38.2672255,-121.9395940,CA_Solano County,CA,Solano County,65.4078643022359,8.27734163189287,8.88475570498605,2.78380136614984,0.313323343779458,0.568170426065163,0.600522193211488,0.659408709548542,1.15254237288136,1.16923076923077,0.96078431372549,0.568170426065163,0.600522193211488,0.659408709548542,1.22935779816514,1.51612903225806,0.928571428571429,0.5,0.548701298701299,0.501951600312256,1.41514084507042,1.19220357336221,1.62132352941176,1.30704898446834,1.27483443708609,1.23722149410223,4.70310192023634,6.72256546042954,3.34748691616471,9.63855421686747,13.1034482758621,4.80769230769231,4.70310192023634,6.72256546042954,3.34748691616471,10.1952277657267,16.9082125603865,4.7244094488189,4.1361482119776,6.14634146341463,2.5462962962963,11.7114873837981,13.3479746217667,8.22949117341641,10.8108108108108,14.2857142857143,6.28645495787427,CA,Solano County,1366,1958,0.28009021939717,0.358017919180837,5,7,0.172413793103448,0.225806451612903,196,271,0.229777256740914,0.292025862068966,373,590,0.660176991150442,0.754475703324808,731,1318,0.47871643745907,0.623462630085147,19,27,0.287878787878788,0.364864864864865,102,141,0.209876543209877,0.268571428571429,266,368,0.158616577221228,0.206857785272625,Pacific
CA,06,033,00277281,06033,Lake,Lake County,06,H1,G4020,NA,17340,NA,A,3254349190,188851723,+39.0948019,-122.7467569,CA_Lake County,CA,Lake County,4.6225614927905,9.1743119266055,0,0.497326868084048,Inf,0.73909830007391,NA,0.73909830007391,1.55601659751037,NA,1.55601659751037,0.73909830007391,NA,0.73909830007391,0,NA,0,1.09170305676856,NA,1.09170305676856,1.05742638685538,NA,1.05742638685538,1.36612021857923,NA,1.36612021857923,6.77966101694915,NA,6.77966101694915,14.2857142857143,NA,14.2857142857143,6.77966101694915,NA,6.77966101694915,0,NA,0,10,NA,10,9.70149253731343,NA,9.70149253731343,12.5,NA,12.5,CA,Lake County,548,759,0.931972789115646,0.949937421777222,24,33,0.888888888888889,0.916666666666667,5,7,0.833333333333333,0.875,9,12,0.9,0.923076923076923,202,281,0.961904761904762,0.972318339100346,1,1,1,1,34,46,0.971428571428571,0.978723404255319,274,380,0.913333333333333,0.935960591133005,Pacific
CA,06,001,01675839,06001,Alameda,Alameda County,06,H1,G4020,488,41860,36084,A,1909614756,216907015,+37.6471385,-121.9124880,CA_Alameda County,CA,Alameda County,65.9389774120119,10.0902204725455,10.8001056245049,4.27283877458209,0.395629350595168,0.35539615259211,0.263097294185377,0.479579651301648,0.28,0.428571428571429,0.172413793103448,0.35539615259211,0.263097294185377,0.479579651301648,1.09708737864078,0.543859649122807,1.63829787234043,0.345806451612903,0.225,0.483043079743355,1.03383084577114,0.779444861215304,1.42455418381344,0.893728222996516,0.700296735905044,1.16734693877551,3.58488115339655,3.43616754451969,3.63684164402769,2.92553191489362,5.63380281690141,1.28205128205128,3.58488115339655,3.43616754451969,3.63684164402769,11.0679611650485,7.12468193384224,12.4131944444444,3.49404812880021,2.94117647058824,3.66468676454107,10.430015192549,10.1868497031105,10.8044627128597,9.01421472321738,9.15356450570752,8.85286783042394,CA,Alameda County,4738,6561,0.237648593068165,0.301516544117647,26,41,0.702702702702703,0.788461538461538,1083,1499,0.107248960190137,0.142571809016549,981,1516,0.706263498920086,0.787941787941788,3072,4891,0.649746192893401,0.747059722010081,48,67,0.219178082191781,0.281512605042017,312,432,0.285714285714286,0.356435643564356,687,952,0.178673602080624,0.231630170316302,Pacific
CA,06,067,00277298,06067,Sacramento,Sacramento County,06,H1,G4020,472,40900,NA,A,2499983887,75425434,+38.4500161,-121.3404408,CA_Sacramento County,CA,Sacramento County,70.5076150214558,8.14340155257586,7.12831407958217,4.96263413784957,0.696186234563398,0.693519079345851,0.686198547215496,0.75989847715736,0.563636363636364,0.804878048780488,0.467741935483871,0.693519079345851,0.686198547215496,0.75989847715736,0.560975609756098,0.67816091954023,0.583333333333333,0.406171809841535,0.422784810126582,0.433640880056778,1.32507349853003,1.04094052558783,1.52722063037249,1.03474903474903,0.912244897959184,1.08928571428571,5.64682953515805,7.33451156812339,5.19057443804973,4.52674897119342,8.46774193548387,3.1767955801105,5.64682953515805,7.33451156812339,5.19057443804973,4.58146744746814,7.25190839694656,3.99327448507776,3.31135186057466,4.51490970180596,2.96332280786981,10.7904969650986,11.1259007665121,10.4320957378979,8.42839497202645,9.74784227449653,7.43570155334861,CA,Sacramento County,4512,6760,0.238276299112801,0.319108761329305,54,91,0.551020408163265,0.674074074074074,354,490,0.0724815724815725,0.097609561752988,1078,1762,0.605277933745087,0.714807302231237,1477,3315,0.308995815899582,0.50090661831369,82,165,0.381395348837209,0.553691275167785,274,380,0.191073919107392,0.246753246753247,2102,2911,0.315947692770179,0.39010989010989,Pacific
